This is pdfTeX, Version 3.141592653-2.6-1.40.29 (MiKTeX 26.5) (preloaded format=pdflatex 2026.10.8)  8 OCT 2026 16:47
entering extended mode
 restricted \write18 enabled.
 %&-line parsing enabled.
**./main.tex
(main.tex
LaTeX2e <2026-06-01>
L3 programming layer <2026-09-09>
(preamble.tex (aamas.cls
Document Class: aamas 2026/06/27 v2.19 Typesetting articles for the Association
 for Computing Machinery
(C:\Program Files\MiKTeX\tex/latex/xkeyval\xkeyval.sty
Package: xkeyval 2022/06/16 v2.9 package option processing (HA)

(C:\Program Files\MiKTeX\tex/generic/xkeyval\xkeyval.tex
(C:\Program Files\MiKTeX\tex/generic/xkeyval\xkvutils.tex
\XKV@toks=\toks17
\XKV@tempa@toks=\toks18

(C:\Program Files\MiKTeX\tex/generic/xkeyval\keyval.tex))
\XKV@depth=\count276
File: xkeyval.tex 2014/12/03 v2.7a key=value parser (HA)
))
(C:\Users\ASUS\AppData\Roaming\MiKTeX\tex/latex/xstring\xstring.sty
(C:\Users\ASUS\AppData\Roaming\MiKTeX\tex/generic/xstring\xstring.tex
\xs_counta=\count277
\xs_countb=\count278
)
Package: xstring 2023/08/22 v1.86 String manipulations (CT)
)
(C:\Program Files\MiKTeX\tex/generic/iftex\iftex.sty
Package: iftex 2024/12/12 v1.0g TeX engine tests
)
Package aamas Info: Not using screen mode on input line 79.
Package aamas Info: Using breaking urls on hyphens on input line 87.
Package aamas Info: Requiring acmthm on input line 95.
Package aamas Info: Not using review mode on input line 104.
Package aamas Info: Not using authorversion mode on input line 112.
Package aamas Info: Not using nonacm mode on input line 124.
Package aamas Info: Explicitly selecting natbib mode on input line 140.
Package aamas Info: Not using anonymous mode on input line 148.
Package aamas Info: Not using timestamp mode on input line 156.
Package aamas Info: Not using authordraft mode on input line 166.
Package aamas Info: Using anonymous mode on input line 181.
Class aamas Info: Using format sigconf, number 4 on input line 181.
Class aamas Info: Using fontsize 9pt on input line 287.

(C:\Users\ASUS\AppData\Roaming\MiKTeX\tex/latex/amscls\amsart.cls
Document Class: amsart 2020/05/29 v2.20.6
\linespacing=\dimen150
\normalparindent=\dimen151
\normaltopskip=\skip49
(C:\Program Files\MiKTeX\tex/latex/amsmath\amsmath.sty
Package: amsmath 2026/05/19 v2.18d AMS math features
\@mathmargin=\skip50

For additional information on amsmath, use the `?' option.
(C:\Program Files\MiKTeX\tex/latex/amsmath\amstext.sty
Package: amstext 2024/11/17 v2.01 AMS text

(C:\Program Files\MiKTeX\tex/latex/amsmath\amsgen.sty
File: amsgen.sty 1999/11/30 v2.0 generic functions
\@emptytoks=\toks19
\ex@=\dimen152
))
(C:\Program Files\MiKTeX\tex/latex/amsmath\amsbsy.sty
Package: amsbsy 1999/11/29 v1.2d Bold Symbols
\pmbraise@=\dimen153
)
(C:\Program Files\MiKTeX\tex/latex/amsmath\amsopn.sty
Package: amsopn 2022/04/08 v2.04 operator names
)
\inf@bad=\count279
LaTeX Info: Redefining \frac on input line 233.
\uproot@=\count280
\leftroot@=\count281
LaTeX Info: Redefining \overline on input line 398.
LaTeX Info: Redefining \colon on input line 409.
\classnum@=\count282
\DOTSCASE@=\count283
LaTeX Info: Redefining \ldots on input line 495.
LaTeX Info: Redefining \dots on input line 498.
LaTeX Info: Redefining \cdots on input line 619.
\Mathstrutbox@=\box53
\strutbox@=\box54
LaTeX Info: Redefining \big on input line 721.
LaTeX Info: Redefining \Big on input line 722.
LaTeX Info: Redefining \bigg on input line 723.
LaTeX Info: Redefining \Bigg on input line 724.
\big@size=\dimen154
LaTeX Font Info:    Redeclaring font encoding OML on input line 742.
LaTeX Font Info:    Redeclaring font encoding OMS on input line 743.
\macc@depth=\count284
LaTeX Info: Redefining \bmod on input line 904.
LaTeX Info: Redefining \pmod on input line 909.
LaTeX Info: Redefining \smash on input line 939.
LaTeX Info: Redefining \relbar on input line 969.
LaTeX Info: Redefining \Relbar on input line 970.
\c@MaxMatrixCols=\count285
\dotsspace@=\muskip17
\c@parentequation=\count286
\dspbrk@lvl=\count287
\tag@help=\toks20
\row@=\count288
\column@=\count289
\maxfields@=\count290
\andhelp@=\toks21
\eqnshift@=\dimen155
\alignsep@=\dimen156
\tagshift@=\dimen157
\tagwidth@=\dimen158
\totwidth@=\dimen159
\lineht@=\dimen160
\@envbody=\toks22
\multlinegap=\skip51
\multlinetaggap=\skip52
\mathdisplay@stack=\toks23
LaTeX Info: Redefining \[ on input line 2965.
LaTeX Info: Redefining \] on input line 2966.
)
LaTeX Font Info:    Trying to load font information for U+msa on input line 397
.

(C:\Program Files\MiKTeX\tex/latex/amsfonts\umsa.fd
File: umsa.fd 2013/01/14 v3.01 AMS symbols A
)
(C:\Program Files\MiKTeX\tex/latex/amsfonts\amsfonts.sty
Package: amsfonts 2013/01/14 v3.01 Basic AMSFonts support
\symAMSa=\mathgroup4
\symAMSb=\mathgroup5
LaTeX Font Info:    Redeclaring math symbol \hbar on input line 98.
LaTeX Font Info:    Overwriting math alphabet `\mathfrak' in version `bold'
(Font)                  U/euf/m/n --> U/euf/b/n on input line 106.
)
\copyins=\insert252
\abstractbox=\box55
\listisep=\skip53
\c@part=\count291
\c@section=\count292
\c@subsection=\count293
\c@subsubsection=\count294
\c@paragraph=\count295
\c@subparagraph=\count296
\c@figure=\count297
\c@table=\count298
\abovecaptionskip=\skip54
\belowcaptionskip=\skip55
\captionindent=\dimen161
\thm@style=\toks24
\thm@bodyfont=\toks25
\thm@headfont=\toks26
\thm@notefont=\toks27
\thm@headpunct=\toks28
\thm@preskip=\skip56
\thm@postskip=\skip57
\thm@headsep=\skip58
\dth@everypar=\toks29
)
LaTeX Info: Redefining \markboth on input line 289.

(C:\Users\ASUS\AppData\Roaming\MiKTeX\tex/latex/microtype\microtype.sty
Package: microtype 2026/03/01 v3.2d Micro-typographical refinements (RS)

(C:\Program Files\MiKTeX\tex/latex/etoolbox\etoolbox.sty
Package: etoolbox 2025/10/02 v2.5m e-TeX tools for LaTeX (JAW)
\etb@tempcnta=\count299
)
\MT@toks=\toks30
\MT@tempbox=\box56
\MT@count=\count300
LaTeX Info: Redefining \noprotrusionifhmode on input line 1084.
LaTeX Info: Redefining \leftprotrusion on input line 1085.
\MT@prot@toks=\toks31
LaTeX Info: Redefining \rightprotrusion on input line 1104.
LaTeX Info: Redefining \textls on input line 1449.
\MT@outer@kern=\dimen162
LaTeX Info: Redefining \microtypecontext on input line 2053.
LaTeX Info: Redefining \textmicrotypecontext on input line 2070.
\MT@listname@count=\count301

(C:\Users\ASUS\AppData\Roaming\MiKTeX\tex/latex/microtype\microtype-pdftex.def
File: microtype-pdftex.def 2026/03/01 v3.2d Definitions specific to pdftex (RS)

LaTeX Info: Redefining \lsstyle on input line 944.
LaTeX Info: Redefining \lslig on input line 944.
\MT@outer@space=\skip59
)
Package microtype Info: Loading configuration file microtype.cfg.
(C:\Users\ASUS\AppData\Roaming\MiKTeX\tex/latex/microtype\microtype.cfg
File: microtype.cfg 2026/03/01 v3.2d microtype main configuration file (RS)
)
LaTeX Info: Redefining \microtypesetup on input line 3065.
)
(C:\Users\ASUS\AppData\Roaming\MiKTeX\tex/latex/booktabs\booktabs.sty
Package: booktabs 2020/01/12 v1.61803398 Publication quality tables
\heavyrulewidth=\dimen163
\lightrulewidth=\dimen164
\cmidrulewidth=\dimen165
\belowrulesep=\dimen166
\belowbottomsep=\dimen167
\aboverulesep=\dimen168
\abovetopsep=\dimen169
\cmidrulesep=\dimen170
\cmidrulekern=\dimen171
\defaultaddspace=\dimen172
\@cmidla=\count302
\@cmidlb=\count303
\@aboverulesep=\dimen173
\@belowrulesep=\dimen174
\@thisruleclass=\count304
\@lastruleclass=\count305
\@thisrulewidth=\dimen175
)
(C:\Users\ASUS\AppData\Roaming\MiKTeX\tex/latex/refcount\refcount.sty
Package: refcount 2019/12/15 v3.6 Data extraction from label references (HO)

(C:\Users\ASUS\AppData\Roaming\MiKTeX\tex/generic/ltxcmds\ltxcmds.sty
Package: ltxcmds 2023-12-04 v1.26 LaTeX kernel commands for general use (HO)
)
(C:\Users\ASUS\AppData\Roaming\MiKTeX\tex/generic/infwarerr\infwarerr.sty
Package: infwarerr 2019/12/03 v1.5 Providing info/warning/error messages (HO)
))
(C:\Users\ASUS\AppData\Roaming\MiKTeX\tex/latex/totpages\totpages.sty
Package: totpages 2005/09/19 v2.00 Totpages Package (muewi)

(C:\Program Files\MiKTeX\tex/latex/everyshi\everyshi.sty
Package: everyshi 2020/11/18 v4.00 EveryShipout Package
))
(C:\Program Files\MiKTeX\tex/latex/environ\environ.sty
Package: environ 2014/05/04 v0.3 A new way to define environments

(C:\Program Files\MiKTeX\tex/latex/trimspaces\trimspaces.sty
Package: trimspaces 2009/09/17 v1.1 Trim spaces around a token list
))
\@ACM@acmcp@delta=\dimen176

(C:\Users\ASUS\AppData\Roaming\MiKTeX\tex/latex/natbib\natbib.sty
Package: natbib 2010/09/13 8.31b (PWD, AO)
\bibhang=\skip60
\bibsep=\skip61
LaTeX Info: Redefining \cite on input line 694.
\c@NAT@ctr=\count306
)
(C:\Program Files\MiKTeX\tex/latex/hyperref\hyperref.sty
Package: hyperref 2026-06-17 v7.01r Hypertext links for LaTeX

(C:\Users\ASUS\AppData\Roaming\MiKTeX\tex/latex/kvsetkeys\kvsetkeys.sty
Package: kvsetkeys 2022-10-05 v1.19 Key value parser (HO)
)
(C:\Users\ASUS\AppData\Roaming\MiKTeX\tex/generic/kvdefinekeys\kvdefinekeys.sty
Package: kvdefinekeys 2019-12-19 v1.6 Define keys (HO)
) (C:\Users\ASUS\AppData\Roaming\MiKTeX\tex/generic/pdfescape\pdfescape.sty
Package: pdfescape 2019/12/09 v1.15 Implements pdfTeX's escape features (HO)

(C:\Program Files\MiKTeX\tex/generic/pdftexcmds\pdftexcmds.sty
Package: pdftexcmds 2020-06-27 v0.33 Utility functions of pdfTeX for LuaTeX (HO
)
Package pdftexcmds Info: \pdf@primitive is available.
Package pdftexcmds Info: \pdf@ifprimitive is available.
Package pdftexcmds Info: \pdfdraftmode found.
))
(C:\Users\ASUS\AppData\Roaming\MiKTeX\tex/latex/hycolor\hycolor.sty
Package: hycolor 2020-01-27 v1.10 Color options for hyperref/bookmark (HO)
)
(C:\Program Files\MiKTeX\tex/latex/hyperref\nameref.sty
Package: nameref 2026-01-29 v2.58 Cross-referencing by name of section

(C:\Users\ASUS\AppData\Roaming\MiKTeX\tex/generic/gettitlestring\gettitlestring
.sty
Package: gettitlestring 2019/12/15 v1.6 Cleanup title references (HO)
 (C:\Users\ASUS\AppData\Roaming\MiKTeX\tex/latex/kvoptions\kvoptions.sty
Package: kvoptions 2022-06-15 v3.15 Key value format for package options (HO)
))
\c@section@level=\count307
) (C:\Users\ASUS\AppData\Roaming\MiKTeX\tex/generic/stringenc\stringenc.sty
Package: stringenc 2019/11/29 v1.12 Convert strings between diff. encodings (HO
)
)
\@linkdim=\dimen177
\Hy@linkcounter=\count308
\Hy@pagecounter=\count309

(C:\Program Files\MiKTeX\tex/latex/hyperref\pd1enc.def
File: pd1enc.def 2026-06-17 v7.01r Hyperref: PDFDocEncoding definition (HO)
Now handling font encoding PD1 ...
... no UTF-8 mapping file for font encoding PD1
)
(C:\Users\ASUS\AppData\Roaming\MiKTeX\tex/generic/intcalc\intcalc.sty
Package: intcalc 2019/12/15 v1.3 Expandable calculations with integers (HO)
)
\Hy@SavedSpaceFactor=\count310

(C:\Program Files\MiKTeX\tex/latex/hyperref\puenc.def
File: puenc.def 2026-06-17 v7.01r Hyperref: PDF Unicode definition (HO)
Now handling font encoding PU ...
... no UTF-8 mapping file for font encoding PU
)
Package hyperref Info: Option `bookmarksnumbered' set `true' on input line 4070
.
Package hyperref Info: Option `unicode' set `true' on input line 4070.
Package hyperref Info: Hyper figures OFF on input line 4199.
Package hyperref Info: Link nesting OFF on input line 4204.
Package hyperref Info: Hyper index ON on input line 4207.
Package hyperref Info: Plain pages OFF on input line 4214.
Package hyperref Info: Backreferencing OFF on input line 4219.
Package hyperref Info: Implicit mode ON; LaTeX internals redefined.
Package hyperref Info: Bookmarks ON on input line 4466.
\c@Hy@tempcnt=\count311

(C:\Program Files\MiKTeX\tex/latex/url\url.sty
\Urlmuskip=\muskip18
Package: url 2013/09/16  ver 3.4  Verb mode for urls, etc.
)
LaTeX Info: Redefining \url on input line 4805.
\XeTeXLinkMargin=\dimen178

(C:\Users\ASUS\AppData\Roaming\MiKTeX\tex/generic/bitset\bitset.sty
Package: bitset 2019/12/09 v1.3 Handle bit-vector datatype (HO)

(C:\Users\ASUS\AppData\Roaming\MiKTeX\tex/generic/bigintcalc\bigintcalc.sty
Package: bigintcalc 2019/12/15 v1.5 Expandable calculations on big integers (HO
)
))
\Fld@menulength=\count312
\Field@Width=\dimen179
\Fld@charsize=\dimen180
Package hyperref Info: Hyper figures OFF on input line 6091.
Package hyperref Info: Link nesting OFF on input line 6096.
Package hyperref Info: Hyper index ON on input line 6099.
Package hyperref Info: backreferencing OFF on input line 6106.
Package hyperref Info: Link coloring OFF on input line 6111.
Package hyperref Info: Link coloring with OCG OFF on input line 6116.
Package hyperref Info: PDF/A mode OFF on input line 6121.
\Hy@abspage=\count313
\c@Item=\count314
\c@Hfootnote=\count315
)
Package hyperref Info: Driver (autodetected): hpdftex.

(C:\Program Files\MiKTeX\tex/latex/hyperref\hpdftex.def
File: hpdftex.def 2026-06-17 v7.01r Hyperref driver for pdfTeX
\Fld@listcount=\count316
\c@bookmark@seq@number=\count317

(C:\Users\ASUS\AppData\Roaming\MiKTeX\tex/latex/rerunfilecheck\rerunfilecheck.s
ty
Package: rerunfilecheck 2025-06-21 v1.11 Rerun checks for auxiliary files (HO)

(C:\Users\ASUS\AppData\Roaming\MiKTeX\tex/generic/uniquecounter\uniquecounter.s
ty
Package: uniquecounter 2019/12/15 v1.4 Provide unlimited unique counter (HO)
)
Package uniquecounter Info: New unique counter `rerunfilecheck' on input line 2
84.
)
\Hy@SectionHShift=\skip62
) (C:\Users\ASUS\AppData\Roaming\MiKTeX\tex/latex/hyperxmp\hyperxmp.sty
Package: hyperxmp 2024/03/17 v5.13 Store hyperref metadata in XMP format
\hyxmp@aep@toks=\toks32

(C:\Users\ASUS\AppData\Roaming\MiKTeX\tex/latex/ifmtarg\ifmtarg.sty
Package: ifmtarg 2018/04/16 v1.2b check for an empty argument
)
(C:\Program Files\MiKTeX\tex/latex/base\ifthen.sty
Package: ifthen 2024/03/16 v1.1e Standard LaTeX ifthen package (DPC)
)
\@hyxmp@count=\count318

(C:\Program Files\MiKTeX\tex/latex/oberdiek\ifdraft.sty
Package: ifdraft 2016/05/16 v1.4 Detect class options draft and final (HO)
)
(C:\Program Files\MiKTeX\tex/generic/iftex\ifluatex.sty
Package: ifluatex 2019/10/25 v1.5 ifluatex legacy package. Use iftex instead.
))
(C:\Program Files\MiKTeX\tex/latex/graphics\graphicx.sty
Package: graphicx 2026-05-17 v1.2e Enhanced LaTeX Graphics (DPC,SPQR)

(C:\Program Files\MiKTeX\tex/latex/graphics\graphics.sty
Package: graphics 2026-05-17 v1.4h Standard LaTeX Graphics (DPC,SPQR)

(C:\Program Files\MiKTeX\tex/latex/graphics\trig.sty
Package: trig 2023/12/02 v1.11 sin cos tan (DPC)
)
(C:\Program Files\MiKTeX\tex/latex/graphics-cfg\graphics.cfg
File: graphics.cfg 2016/06/04 v1.11 sample graphics configuration
)
Package graphics Info: Driver file: pdftex.def on input line 106.

(C:\Program Files\MiKTeX\tex/latex/graphics-def\pdftex.def
File: pdftex.def 2025/09/29 v1.2d Graphics/color driver for pdftex
))
\Gin@req@height=\dimen181
\Gin@req@width=\dimen182
)
(C:\Program Files\MiKTeX\tex/latex/xcolor\xcolor.sty
Package: xcolor 2024/09/29 v3.02 LaTeX color extensions (UK)

(C:\Program Files\MiKTeX\tex/latex/graphics-cfg\color.cfg
File: color.cfg 2016/01/02 v1.6 sample color configuration
)
Package xcolor Info: Driver file: pdftex.def on input line 274.

(C:\Program Files\MiKTeX\tex/latex/graphics\mathcolor.ltx)
Package xcolor Info: Model `cmy' substituted by `cmy0' on input line 1349.
Package xcolor Info: Model `hsb' substituted by `rgb' on input line 1353.
Package xcolor Info: Model `RGB' extended on input line 1365.
Package xcolor Info: Model `HTML' substituted by `rgb' on input line 1367.
Package xcolor Info: Model `Hsb' substituted by `hsb' on input line 1368.
Package xcolor Info: Model `tHsb' substituted by `hsb' on input line 1369.
Package xcolor Info: Model `HSB' substituted by `hsb' on input line 1370.
Package xcolor Info: Model `Gray' substituted by `gray' on input line 1371.
Package xcolor Info: Model `wave' substituted by `hsb' on input line 1372.
)
(C:\Users\ASUS\AppData\Roaming\MiKTeX\tex/latex/geometry\geometry.sty
Package: geometry 2026/03/07 v6.0 Page Geometry

(C:\Program Files\MiKTeX\tex/generic/iftex\ifvtex.sty
Package: ifvtex 2019/10/25 v1.7 ifvtex legacy package. Use iftex instead.
)
\Gm@cnth=\count319
\Gm@cntv=\count320
\c@Gm@tempcnt=\count321
\Gm@bindingoffset=\dimen183
\Gm@wd@mp=\dimen184
\Gm@odd@mp=\dimen185
\Gm@even@mp=\dimen186
\Gm@layoutwidth=\dimen187
\Gm@layoutheight=\dimen188
\Gm@layouthoffset=\dimen189
\Gm@layoutvoffset=\dimen190
\Gm@dimlist=\toks33

(C:\Users\ASUS\AppData\Roaming\MiKTeX\tex/latex/geometry\geometry.cfg))
(C:\Users\ASUS\AppData\Roaming\MiKTeX\tex/latex/ncctools\manyfoot.sty
Package: manyfoot 2019/08/03 v1.11 Many Footnote Levels Package (NCC)

(C:\Users\ASUS\AppData\Roaming\MiKTeX\tex/latex/ncctools\nccfoots.sty
Package: nccfoots 2005/02/03 v1.2 NCC Footnotes Package (NCC)
)
\MFL@columnwidth=\dimen191
)
\footinsauthorsaddresses=\insert251
\c@footnoteauthorsaddresses=\count322
\footinscopyrightpermission=\insert250
\c@footnotecopyrightpermission=\count323

(C:\Program Files\MiKTeX\tex/generic/pdftex\glyphtounicode.tex)
(C:\Users\ASUS\AppData\Roaming\MiKTeX\tex/latex/cmap\cmap.sty
Package: cmap 2021/02/06 v1.0j CMap support: searchable PDF
)
(C:\Program Files\MiKTeX\tex/latex/base\fontenc.sty
Package: fontenc 2025/07/18 v2.1d Standard LaTeX package
<<t1.cmap>>)
(C:\Users\ASUS\AppData\Roaming\MiKTeX\tex/latex/libertine\libertine.sty
Package: libertine 2024/04/23 (Bob Tennent) Supports Libertine and Biolinum fon
ts for all LaTeX engines.

(C:\Program Files\MiKTeX\tex/generic/iftex\ifxetex.sty
Package: ifxetex 2019/10/25 v0.7 ifxetex legacy package. Use iftex instead.
)
(C:\Program Files\MiKTeX\tex/latex/base\textcomp.sty
Package: textcomp 2024/04/24 v2.1b Standard LaTeX package
)
(C:\Program Files\MiKTeX\tex/latex/base\fontenc.sty
Package: fontenc 2025/07/18 v2.1d Standard LaTeX package
)
(C:\Users\ASUS\AppData\Roaming\MiKTeX\tex/latex/fontaxes\fontaxes.sty
Package: fontaxes 2026-01-02 v2.0.2 Font selection axes (deprecated)
Applying: [2024-11-01] Use figureversions if present on input line 74.

(C:\Users\ASUS\AppData\Roaming\MiKTeX\tex/latex/figureversions\figureversions.s
ty
Package: figureversions 2025-04-29 v1.0.1 Figure versions
)
Already applied: [0000-00-00] Fall back to v1 on input line 76.
)
LaTeX Info: Redefining \oldstylenums on input line 485.

(C:\Users\ASUS\AppData\Roaming\MiKTeX\tex/latex/libertine\LinLibertine_I.tex))
(C:\Users\ASUS\AppData\Roaming\MiKTeX\tex/latex/inconsolata\zi4.sty
Package: zi4 2019/05/17 v1.12

`inconsolata-zi4' v1.12, 2019/05/17 Text macros for Inconsolata (msharpe)
\zifour@ocount=\count324
)
(C:\Users\ASUS\AppData\Roaming\MiKTeX\tex/latex/newtx\newtxmath.sty
Package: newtxmath 2024/09/22 v1.754

`newtxmath' v1.754, 2024/09/22 Math macros based originally on txfonts (msharpe
) (C:\Program Files\MiKTeX\tex/latex/oberdiek\centernot.sty
Package: centernot 2016/05/16 v1.4 Centers the not symbol horizontally (HO)
)
\tx@cntz=\count325

(C:\Users\ASUS\AppData\Roaming\MiKTeX\tex/generic/binhex\binhex.tex)
\tx@Isdigit=\count326
\tx@IsAlNum=\count327
\tx@tA=\toks34
\tx@tB=\toks35
\tx@su=\read2

amsthm NOT loaded
LaTeX Font Info:    Redeclaring symbol font `operators' on input line 402.
LaTeX Font Info:    Overwriting symbol font `operators' in version `normal'
(Font)                  OT1/cmr/m/n --> OT1/LinuxLibertineT-TLF/m/n on input li
ne 402.
LaTeX Font Info:    Overwriting symbol font `operators' in version `bold'
(Font)                  OT1/cmr/bx/n --> OT1/LinuxLibertineT-TLF/m/n on input l
ine 402.
LaTeX Font Info:    Overwriting symbol font `operators' in version `bold'
(Font)                  OT1/LinuxLibertineT-TLF/m/n --> OT1/LinuxLibertineT-TLF
/sb/n on input line 403.
LaTeX Font Info:    Redeclaring math alphabet \mathsf on input line 410.
LaTeX Font Info:    Overwriting math alphabet `\mathsf' in version `normal'
(Font)                  OT1/cmss/m/n --> OT1/LinuxBiolinumT-TLF/m/n on input li
ne 410.
LaTeX Font Info:    Overwriting math alphabet `\mathsf' in version `bold'
(Font)                  OT1/cmss/bx/n --> OT1/LinuxBiolinumT-TLF/m/n on input l
ine 410.
LaTeX Font Info:    Overwriting math alphabet `\mathsf' in version `bold'
(Font)                  OT1/LinuxBiolinumT-TLF/m/n --> OT1/LinuxBiolinumT-TLF/b
/n on input line 412.
LaTeX Font Info:    Redeclaring math alphabet \mathit on input line 419.
LaTeX Font Info:    Overwriting math alphabet `\mathit' in version `normal'
(Font)                  OT1/cmr/m/it --> OT1/LinuxLibertineT-TLF/m/it on input 
line 419.
LaTeX Font Info:    Overwriting math alphabet `\mathit' in version `bold'
(Font)                  OT1/cmr/bx/it --> OT1/LinuxLibertineT-TLF/m/it on input
 line 419.
LaTeX Font Info:    Redeclaring math alphabet \mathtt on input line 420.
LaTeX Font Info:    Overwriting math alphabet `\mathtt' in version `normal'
(Font)                  OT1/cmtt/m/n --> T1/zi4/m/n on input line 420.
LaTeX Font Info:    Overwriting math alphabet `\mathtt' in version `bold'
(Font)                  OT1/cmtt/m/n --> T1/zi4/m/n on input line 420.
LaTeX Font Info:    Redeclaring math alphabet \mathbf on input line 422.
LaTeX Font Info:    Overwriting math alphabet `\mathbf' in version `normal'
(Font)                  OT1/cmr/bx/n --> OT1/LinuxLibertineT-TLF/sb/n on input 
line 422.
LaTeX Font Info:    Overwriting math alphabet `\mathbf' in version `bold'
(Font)                  OT1/cmr/bx/n --> OT1/LinuxLibertineT-TLF/sb/n on input 
line 422.
LaTeX Font Info:    Overwriting math alphabet `\mathit' in version `bold'
(Font)                  OT1/LinuxLibertineT-TLF/m/it --> OT1/LinuxLibertineT-TL
F/sb/it on input line 423.
LaTeX Font Info:    Overwriting math alphabet `\mathtt' in version `bold'
(Font)                  T1/zi4/m/n --> T1/zi4/b/n on input line 426.
LaTeX Font Info:    Redeclaring symbol font `letters' on input line 444.
LaTeX Font Info:    Overwriting symbol font `letters' in version `normal'
(Font)                  OML/cmm/m/it --> OML/nxlmi/m/it on input line 444.
LaTeX Font Info:    Overwriting symbol font `letters' in version `bold'
(Font)                  OML/cmm/b/it --> OML/nxlmi/m/it on input line 444.
LaTeX Font Info:    Overwriting symbol font `letters' in version `bold'
(Font)                  OML/nxlmi/m/it --> OML/nxlmi/b/it on input line 445.
\symlettersA=\mathgroup6
LaTeX Font Info:    Overwriting symbol font `lettersA' in version `bold'
(Font)                  U/ntxmia/m/it --> U/ntxmia/b/it on input line 582.
LaTeX Font Info:    Redeclaring math alphabet \mathfrak on input line 584.
Now handling font encoding LMS ...
... no UTF-8 mapping file for font encoding LMS
LaTeX Font Info:    Redeclaring symbol font `symbols' on input line 604.
LaTeX Font Info:    Encoding `OMS' has changed to `LMS' for symbol font
(Font)              `symbols' in the math version `normal' on input line 604.
LaTeX Font Info:    Overwriting symbol font `symbols' in version `normal'
(Font)                  OMS/cmsy/m/n --> LMS/ntxsy/m/n on input line 604.
LaTeX Font Info:    Encoding `OMS' has changed to `LMS' for symbol font
(Font)              `symbols' in the math version `bold' on input line 604.
LaTeX Font Info:    Overwriting symbol font `symbols' in version `bold'
(Font)                  OMS/cmsy/b/n --> LMS/ntxsy/m/n on input line 604.
LaTeX Font Info:    Overwriting symbol font `symbols' in version `bold'
(Font)                  LMS/ntxsy/m/n --> LMS/ntxsy/b/n on input line 605.
\symAMSm=\mathgroup7
LaTeX Font Info:    Overwriting symbol font `AMSm' in version `bold'
(Font)                  U/ntxsym/m/n --> U/ntxsym/b/n on input line 630.
\symsymbolsC=\mathgroup8
LaTeX Font Info:    Overwriting symbol font `symbolsC' in version `bold'
(Font)                  U/ntxsyc/m/n --> U/ntxsyc/b/n on input line 651.
Now handling font encoding LMX ...
... no UTF-8 mapping file for font encoding LMX
LaTeX Font Info:    Redeclaring symbol font `largesymbols' on input line 664.
LaTeX Font Info:    Encoding `OMX' has changed to `LMX' for symbol font
(Font)              `largesymbols' in the math version `normal' on input line 6
64.
LaTeX Font Info:    Overwriting symbol font `largesymbols' in version `normal'
(Font)                  OMX/cmex/m/n --> LMX/ntxexx/m/n on input line 664.
LaTeX Font Info:    Encoding `OMX' has changed to `LMX' for symbol font
(Font)              `largesymbols' in the math version `bold' on input line 664
.
LaTeX Font Info:    Overwriting symbol font `largesymbols' in version `bold'
(Font)                  OMX/cmex/m/n --> LMX/ntxexx/m/n on input line 664.
LaTeX Font Info:    Overwriting symbol font `largesymbols' in version `bold'
(Font)                  LMX/ntxexx/m/n --> LMX/ntxexx/b/n on input line 665.
\symlargesymbolsTXA=\mathgroup9
LaTeX Font Info:    Overwriting symbol font `largesymbolsTXA' in version `bold'

(Font)                  U/ntxexa/m/n --> U/ntxexa/b/n on input line 679.
\tx@sbptoks=\toks36
LaTeX Font Info:    Redeclaring math delimiter \lfloor on input line 902.
LaTeX Font Info:    Redeclaring math delimiter \rfloor on input line 903.
LaTeX Font Info:    Redeclaring math delimiter \lceil on input line 904.
LaTeX Font Info:    Redeclaring math delimiter \rceil on input line 905.
LaTeX Font Info:    Redeclaring math delimiter \lbrace on input line 910.
LaTeX Font Info:    Redeclaring math delimiter \rbrace on input line 911.
LaTeX Font Info:    Redeclaring math delimiter \langle on input line 913.
LaTeX Font Info:    Redeclaring math delimiter \rangle on input line 915.
LaTeX Font Info:    Redeclaring math delimiter \arrowvert on input line 919.
LaTeX Font Info:    Redeclaring math delimiter \vert on input line 920.
LaTeX Font Info:    Redeclaring math accent \dot on input line 991.
LaTeX Font Info:    Redeclaring math accent \ddot on input line 992.
LaTeX Font Info:    Redeclaring math accent \vec on input line 2057.
LaTeX Info: Redefining \Bbbk on input line 2847.
LaTeX Info: Redefining \not on input line 2995.
LaTeX Info: Redefining \textsquare on input line 3025.
LaTeX Info: Redefining \openbox on input line 3027.
) (C:\Users\ASUS\AppData\Roaming\MiKTeX\tex/latex/psnfss\pifont.sty
Package: pifont 2020/03/25 PSNFSS-v9.3 Pi font support (SPQR) 
LaTeX Font Info:    Trying to load font information for U+pzd on input line 63.


(C:\Users\ASUS\AppData\Roaming\MiKTeX\tex/latex/psnfss\upzd.fd
File: upzd.fd 2001/06/04 font definitions for U/pzd.
)
LaTeX Font Info:    Trying to load font information for U+psy on input line 64.


(C:\Users\ASUS\AppData\Roaming\MiKTeX\tex/latex/psnfss\upsy.fd
File: upsy.fd 2001/06/04 font definitions for U/psy.
))
(C:\Users\ASUS\AppData\Roaming\MiKTeX\tex/latex/caption\caption.sty
Package: caption 2023/08/05 v3.6o Customizing captions (AR)

(C:\Users\ASUS\AppData\Roaming\MiKTeX\tex/latex/caption\caption3.sty
Package: caption3 2023/07/31 v2.4d caption3 kernel (AR)
\caption@tempdima=\dimen192
\captionmargin=\dimen193
\caption@leftmargin=\dimen194
\caption@rightmargin=\dimen195
\caption@width=\dimen196
\caption@indent=\dimen197
\caption@parindent=\dimen198
\caption@hangindent=\dimen199
Package caption Info: AMS or SMF document class detected.

(C:\Users\ASUS\AppData\Roaming\MiKTeX\tex/latex/caption\caption-ams-smf.sto
File: caption-ams-smf.sto 2020/08/22 v2.0 Adaption of the caption package to th
e AMS and SMF document classes (AR)
))
\c@caption@flags=\count328
\c@continuedfloat=\count329
Package caption Info: hyperref package is loaded.
)
(C:\Users\ASUS\AppData\Roaming\MiKTeX\tex/latex/float\float.sty
Package: float 2001/11/08 v1.3d Float enhancements (AL)
\c@float@type=\count330
\float@exts=\toks37
\float@box=\box57
\@float@everytoks=\toks38
\@floatcapt=\box58
)
\@float@every@sidebar=\toks39
\c@sidebar=\count331
\fulltextwidth=\dimen256
\@ACM@labelwidth=\dimen257
\listisep=\skip63
\num@authorgroups=\count332
\num@authors=\count333
\@ACM@badge@width=\skip64
\@ACM@title@width=\skip65
\@ACM@badge@skip=\skip66
Class aamas Info: Printing CCS on input line 1826.
Class aamas Info: Printing bibformat on input line 1826.
Class aamas Info: Suppressing folios on input line 1833.
Class aamas Info: Setting authorsperrow to 0 on input line 1836.

(C:\Users\ASUS\AppData\Roaming\MiKTeX\tex/latex/comment\comment.sty
\CommentStream=\write3

Excluding comment 'comment') Excluding comment 'CCSXML'
\c@@concepts=\count334
\mktitle@bx=\box59
\@ACM@acmcpbox=\box60
\@ACM@commabox=\box61
\author@bx=\box62
\author@bx@wd=\dimen258
\author@bx@sep=\skip67

(C:\Users\ASUS\AppData\Roaming\MiKTeX\tex/latex/fancyhdr\fancyhdr.sty
Package: fancyhdr 2025/02/07 v5.2 Extensive control of page headers and footers

\f@nch@headwidth=\skip68
\f@nch@offset@elh=\skip69
\f@nch@offset@erh=\skip70
\f@nch@offset@olh=\skip71
\f@nch@offset@orh=\skip72
\f@nch@offset@elf=\skip73
\f@nch@offset@erf=\skip74
\f@nch@offset@olf=\skip75
\f@nch@offset@orf=\skip76
\f@nch@height=\skip77
\f@nch@footalignment=\skip78
\f@nch@widthL=\skip79
\f@nch@widthC=\skip80
\f@nch@widthR=\skip81
\@temptokenb=\toks40
)
Special comment 'acks'
LaTeX Font Info:    Trying to load font information for T1+LinuxLibertineT-TLF 
on input line 3639.

(C:\Users\ASUS\AppData\Roaming\MiKTeX\tex/latex/libertine\t1linuxlibertinet-tlf
.fd
File: T1LinuxLibertineT-TLF.fd 2017/03/20 (autoinst) Font definitions for T1/Li
nuxLibertineT-TLF.
)
LaTeX Font Info:    Font shape `T1/LinuxLibertineT-TLF/m/n' will be
(Font)              scaled to size 9.0pt on input line 3639.
) (C:\Program Files\MiKTeX\tex/latex/base\inputenc.sty
Package: inputenc 2024/02/08 v1.3d Input encoding file
\inpenc@prehook=\toks41
\inpenc@posthook=\toks42
)
(C:\Program Files\MiKTeX\tex/latex/base\fontenc.sty
Package: fontenc 2025/07/18 v2.1d Standard LaTeX package
)
(C:\Users\ASUS\AppData\Roaming\MiKTeX\tex/latex/preprint\balance.sty
Package: balance 1999/02/23 4.3 (PWD)
\oldvsize=\dimen259
)
(C:\Users\ASUS\AppData\Roaming\MiKTeX\tex/latex/mathtools\mathtools.sty
Package: mathtools 2024/10/04 v1.31 mathematical typesetting tools

(C:\Program Files\MiKTeX\tex/latex/tools\calc.sty
Package: calc 2025/03/01 v4.3b Infix arithmetic (KKT,FJ)
\calc@Acount=\count335
\calc@Bcount=\count336
\calc@Adimen=\dimen260
\calc@Bdimen=\dimen261
\calc@Askip=\skip82
\calc@Bskip=\skip83
LaTeX Info: Redefining \setlength on input line 86.
LaTeX Info: Redefining \addtolength on input line 87.
\calc@Ccount=\count337
\calc@Cskip=\skip84
)
(C:\Users\ASUS\AppData\Roaming\MiKTeX\tex/latex/mathtools\mhsetup.sty
Package: mhsetup 2021/03/18 v1.4 programming setup (MH)
)
\g_MT_multlinerow_int=\count338
\l_MT_multwidth_dim=\dimen262
\origjot=\skip85
\l_MT_shortvdotswithinadjustabove_dim=\dimen263
\l_MT_shortvdotswithinadjustbelow_dim=\dimen264
\l_MT_above_intertext_sep=\dimen265
\l_MT_below_intertext_sep=\dimen266
\l_MT_above_shortintertext_sep=\dimen267
\l_MT_below_shortintertext_sep=\dimen268
\xmathstrut@box=\box63
\xmathstrut@dim=\dimen269
)
(C:\Program Files\MiKTeX\tex/latex/tools\bm.sty
Package: bm 2025/10/21 v1.2g Bold Symbol Support (DPC/FMi)
\symboldoperators=\mathgroup10
\symboldletters=\mathgroup11
\symboldsymbols=\mathgroup12
\symboldlargesymbols=\mathgroup13
Package bm Info: No bold for \U/msa/m/n, using \pmb.
Package bm Info: No bold for \U/msb/m/n, using \pmb.
LaTeX Font Info:    Redeclaring math alphabet \mathbf on input line 149.
)
(C:\Program Files\MiKTeX\tex/latex/tools\xspace.sty
Package: xspace 2014/10/28 v1.13 Space after command names (DPC,MH)
)
(C:\Users\ASUS\AppData\Roaming\MiKTeX\tex/latex/enumitem\enumitem.sty
Package: enumitem 2025/02/06 v3.11 Customized lists
\enitkv@toks@=\toks43
\labelindent=\skip86
\enit@outerparindent=\dimen270
\enit@toks=\toks44
\enit@inbox=\box64
\enit@count@id=\count339
\enitdp@description=\count340
)
(C:\Users\ASUS\AppData\Roaming\MiKTeX\tex/latex/multirow\multirow.sty
Package: multirow 2024/11/12 v2.9 Span multiple rows of a table
\multirow@colwidth=\skip87
\multirow@cntb=\count341
\multirow@dima=\skip88
\bigstrutjot=\dimen271
)
(C:\Program Files\MiKTeX\tex/latex/tools\array.sty
Package: array 2026/02/24 v2.7b Tabular extension package (FMi)
\col@sep=\dimen272
\ar@mcellbox=\box65
\extrarowheight=\dimen273
\NC@list=\toks45
\extratabsurround=\skip89
\backup@length=\skip90
\ar@cellbox=\box66
)
(C:\Program Files\MiKTeX\tex/latex/pgf/frontendlayer\tikz.sty
(C:\Program Files\MiKTeX\tex/latex/pgf/basiclayer\pgf.sty
(C:\Program Files\MiKTeX\tex/latex/pgf/utilities\pgfrcs.sty
(C:\Program Files\MiKTeX\tex/generic/pgf/utilities\pgfutil-common.tex
\pgfutil@everybye=\toks46
\pgfutil@tempdima=\dimen274
\pgfutil@tempdimb=\dimen275
)
(C:\Program Files\MiKTeX\tex/generic/pgf/utilities\pgfutil-latex.def
\pgfutil@abb=\box67
)
(C:\Program Files\MiKTeX\tex/generic/pgf/utilities\pgfrcs.code.tex
(C:\Program Files\MiKTeX\tex/generic/pgf\pgf.revision.tex)
Package: pgfrcs 2026-08-01 v3.1.12 (3.1.12)
))
Package: pgf 2026-08-01 v3.1.12 (3.1.12)

(C:\Program Files\MiKTeX\tex/latex/pgf/basiclayer\pgfcore.sty
(C:\Program Files\MiKTeX\tex/latex/pgf/systemlayer\pgfsys.sty
(C:\Program Files\MiKTeX\tex/generic/pgf/systemlayer\pgfsys.code.tex
Package: pgfsys 2026-08-01 v3.1.12 (3.1.12)

(C:\Program Files\MiKTeX\tex/generic/pgf/utilities\pgfkeys.code.tex
\pgfkeys@pathtoks=\toks47
\pgfkeys@temptoks=\toks48

(C:\Program Files\MiKTeX\tex/generic/pgf/utilities\pgfkeyslibraryfiltered.code.
tex
\pgfkeys@tmptoks=\toks49
))
\pgf@x=\dimen276
\pgf@y=\dimen277
\pgf@xa=\dimen278
\pgf@ya=\dimen279
\pgf@xb=\dimen280
\pgf@yb=\dimen281
\pgf@xc=\dimen282
\pgf@yc=\dimen283
\pgf@xd=\dimen284
\pgf@yd=\dimen285
\w@pgf@writea=\write4
\r@pgf@reada=\read3
\c@pgf@counta=\count342
\c@pgf@countb=\count343
\c@pgf@countc=\count344
\c@pgf@countd=\count345
\t@pgf@toka=\toks50
\t@pgf@tokb=\toks51
\t@pgf@tokc=\toks52
\pgf@sys@id@count=\count346
 (C:\Program Files\MiKTeX\tex/generic/pgf/systemlayer\pgf.cfg
File: pgf.cfg 2026-08-01 v3.1.12 (3.1.12)
)
Driver file for pgf: pgfsys-pdftex.def

(C:\Program Files\MiKTeX\tex/generic/pgf/systemlayer\pgfsys-pdftex.def
File: pgfsys-pdftex.def 2026-08-01 v3.1.12 (3.1.12)

(C:\Program Files\MiKTeX\tex/generic/pgf/systemlayer\pgfsys-common-pdf.def
File: pgfsys-common-pdf.def 2026-08-01 v3.1.12 (3.1.12)
)))
(C:\Program Files\MiKTeX\tex/generic/pgf/systemlayer\pgfsyssoftpath.code.tex
File: pgfsyssoftpath.code.tex 2026-08-01 v3.1.12 (3.1.12)
\pgfsyssoftpath@smallbuffer@items=\count347
\pgfsyssoftpath@bigbuffer@items=\count348
)
(C:\Program Files\MiKTeX\tex/generic/pgf/systemlayer\pgfsysprotocol.code.tex
File: pgfsysprotocol.code.tex 2026-08-01 v3.1.12 (3.1.12)
))
(C:\Program Files\MiKTeX\tex/generic/pgf/basiclayer\pgfcore.code.tex
Package: pgfcore 2026-08-01 v3.1.12 (3.1.12)

(C:\Program Files\MiKTeX\tex/generic/pgf/math\pgfmath.code.tex
(C:\Program Files\MiKTeX\tex/generic/pgf/math\pgfmathutil.code.tex)
(C:\Program Files\MiKTeX\tex/generic/pgf/math\pgfmathparser.code.tex
\pgfmath@dimen=\dimen286
\pgfmath@count=\count349
\pgfmath@box=\box68
\pgfmath@toks=\toks53
\pgfmath@stack@operand=\toks54
\pgfmath@stack@operation=\toks55
)
(C:\Program Files\MiKTeX\tex/generic/pgf/math\pgfmathfunctions.code.tex)
(C:\Program Files\MiKTeX\tex/generic/pgf/math\pgfmathfunctions.basic.code.tex)
(C:\Program Files\MiKTeX\tex/generic/pgf/math\pgfmathfunctions.trigonometric.co
de.tex)
(C:\Program Files\MiKTeX\tex/generic/pgf/math\pgfmathfunctions.random.code.tex)

(C:\Program Files\MiKTeX\tex/generic/pgf/math\pgfmathfunctions.comparison.code.
tex)
(C:\Program Files\MiKTeX\tex/generic/pgf/math\pgfmathfunctions.base.code.tex)
(C:\Program Files\MiKTeX\tex/generic/pgf/math\pgfmathfunctions.round.code.tex)
(C:\Program Files\MiKTeX\tex/generic/pgf/math\pgfmathfunctions.misc.code.tex)
(C:\Program Files\MiKTeX\tex/generic/pgf/math\pgfmathfunctions.integerarithmeti
cs.code.tex) (C:\Program Files\MiKTeX\tex/generic/pgf/math\pgfmathcalc.code.tex
) (C:\Program Files\MiKTeX\tex/generic/pgf/math\pgfmathfloat.code.tex
\c@pgfmathroundto@lastzeros=\count350
))
(C:\Program Files\MiKTeX\tex/generic/pgf/math\pgfint.code.tex)
(C:\Program Files\MiKTeX\tex/generic/pgf/basiclayer\pgfcorepoints.code.tex
File: pgfcorepoints.code.tex 2026-08-01 v3.1.12 (3.1.12)
\pgf@picminx=\dimen287
\pgf@picmaxx=\dimen288
\pgf@picminy=\dimen289
\pgf@picmaxy=\dimen290
\pgf@pathminx=\dimen291
\pgf@pathmaxx=\dimen292
\pgf@pathminy=\dimen293
\pgf@pathmaxy=\dimen294
\pgf@xx=\dimen295
\pgf@xy=\dimen296
\pgf@yx=\dimen297
\pgf@yy=\dimen298
\pgf@zx=\dimen299
\pgf@zy=\dimen300
)
(C:\Program Files\MiKTeX\tex/generic/pgf/basiclayer\pgfcorepathconstruct.code.t
ex
File: pgfcorepathconstruct.code.tex 2026-08-01 v3.1.12 (3.1.12)
\pgf@path@lastx=\dimen301
\pgf@path@lasty=\dimen302
)
(C:\Program Files\MiKTeX\tex/generic/pgf/basiclayer\pgfcorepathusage.code.tex
File: pgfcorepathusage.code.tex 2026-08-01 v3.1.12 (3.1.12)
\pgf@shorten@end@additional=\dimen303
\pgf@shorten@start@additional=\dimen304
)
(C:\Program Files\MiKTeX\tex/generic/pgf/basiclayer\pgfcorescopes.code.tex
File: pgfcorescopes.code.tex 2026-08-01 v3.1.12 (3.1.12)
\pgfpic=\box69
\pgf@hbox=\box70
\pgf@layerbox@main=\box71
\pgf@picture@serial@count=\count351
)
(C:\Program Files\MiKTeX\tex/generic/pgf/basiclayer\pgfcoregraphicstate.code.te
x
File: pgfcoregraphicstate.code.tex 2026-08-01 v3.1.12 (3.1.12)
\pgflinewidth=\dimen305
)
(C:\Program Files\MiKTeX\tex/generic/pgf/basiclayer\pgfcoretransformations.code
.tex
File: pgfcoretransformations.code.tex 2026-08-01 v3.1.12 (3.1.12)
\pgf@pt@x=\dimen306
\pgf@pt@y=\dimen307
\pgf@pt@temp=\dimen308
) (C:\Program Files\MiKTeX\tex/generic/pgf/basiclayer\pgfcorequick.code.tex
File: pgfcorequick.code.tex 2026-08-01 v3.1.12 (3.1.12)
) (C:\Program Files\MiKTeX\tex/generic/pgf/basiclayer\pgfcoreobjects.code.tex
File: pgfcoreobjects.code.tex 2026-08-01 v3.1.12 (3.1.12)
)
(C:\Program Files\MiKTeX\tex/generic/pgf/basiclayer\pgfcorepathprocessing.code.
tex
File: pgfcorepathprocessing.code.tex 2026-08-01 v3.1.12 (3.1.12)
) (C:\Program Files\MiKTeX\tex/generic/pgf/basiclayer\pgfcorearrows.code.tex
File: pgfcorearrows.code.tex 2026-08-01 v3.1.12 (3.1.12)
\pgfarrowsep=\dimen309
) (C:\Program Files\MiKTeX\tex/generic/pgf/basiclayer\pgfcoreshade.code.tex
File: pgfcoreshade.code.tex 2026-08-01 v3.1.12 (3.1.12)
\pgf@max=\dimen310
\pgf@sys@shading@range@num=\count352
\pgf@shadingcount=\count353
)
(C:\Program Files\MiKTeX\tex/generic/pgf/basiclayer\pgfcoreimage.code.tex
File: pgfcoreimage.code.tex 2026-08-01 v3.1.12 (3.1.12)
)
(C:\Program Files\MiKTeX\tex/generic/pgf/basiclayer\pgfcoreexternal.code.tex
File: pgfcoreexternal.code.tex 2026-08-01 v3.1.12 (3.1.12)
\pgfexternal@startupbox=\box72
)
(C:\Program Files\MiKTeX\tex/generic/pgf/basiclayer\pgfcorelayers.code.tex
File: pgfcorelayers.code.tex 2026-08-01 v3.1.12 (3.1.12)
)
(C:\Program Files\MiKTeX\tex/generic/pgf/basiclayer\pgfcoretransparency.code.te
x
File: pgfcoretransparency.code.tex 2026-08-01 v3.1.12 (3.1.12)
) (C:\Program Files\MiKTeX\tex/generic/pgf/basiclayer\pgfcorepatterns.code.tex
File: pgfcorepatterns.code.tex 2026-08-01 v3.1.12 (3.1.12)
) (C:\Program Files\MiKTeX\tex/generic/pgf/basiclayer\pgfcorerdf.code.tex
File: pgfcorerdf.code.tex 2026-08-01 v3.1.12 (3.1.12)
)))
(C:\Program Files\MiKTeX\tex/generic/pgf/modules\pgfmoduleshapes.code.tex
File: pgfmoduleshapes.code.tex 2026-08-01 v3.1.12 (3.1.12)
\pgfnodeparttextbox=\box73
)
(C:\Program Files\MiKTeX\tex/generic/pgf/modules\pgfmoduleplot.code.tex
File: pgfmoduleplot.code.tex 2026-08-01 v3.1.12 (3.1.12)
)
(C:\Program Files\MiKTeX\tex/latex/pgf/compatibility\pgfcomp-version-0-65.sty
Package: pgfcomp-version-0-65 2026-08-01 v3.1.12 (3.1.12)
\pgf@nodesepstart=\dimen311
\pgf@nodesepend=\dimen312
)
(C:\Program Files\MiKTeX\tex/latex/pgf/compatibility\pgfcomp-version-1-18.sty
Package: pgfcomp-version-1-18 2026-08-01 v3.1.12 (3.1.12)
)) (C:\Program Files\MiKTeX\tex/latex/pgf/utilities\pgffor.sty
(C:\Program Files\MiKTeX\tex/latex/pgf/utilities\pgfkeys.sty
(C:\Program Files\MiKTeX\tex/generic/pgf/utilities\pgfkeys.code.tex))
(C:\Program Files\MiKTeX\tex/latex/pgf/math\pgfmath.sty
(C:\Program Files\MiKTeX\tex/generic/pgf/math\pgfmath.code.tex))
(C:\Program Files\MiKTeX\tex/generic/pgf/utilities\pgffor.code.tex
Package: pgffor 2026-08-01 v3.1.12 (3.1.12)
\pgffor@iter=\dimen313
\pgffor@skip=\dimen314
\pgffor@stack=\toks56
\pgffor@toks=\toks57
))
(C:\Program Files\MiKTeX\tex/generic/pgf/frontendlayer/tikz\tikz.code.tex
Package: tikz 2026-08-01 v3.1.12 (3.1.12)

(C:\Program Files\MiKTeX\tex/generic/pgf/libraries\pgflibraryplothandlers.code.
tex
File: pgflibraryplothandlers.code.tex 2026-08-01 v3.1.12 (3.1.12)
\pgf@plot@mark@count=\count354
\pgfplotmarksize=\dimen315
)
\tikz@lastx=\dimen316
\tikz@lasty=\dimen317
\tikz@lastxsaved=\dimen318
\tikz@lastysaved=\dimen319
\tikz@lastmovetox=\dimen320
\tikz@lastmovetoy=\dimen321
\tikzleveldistance=\dimen322
\tikzsiblingdistance=\dimen323
\tikz@figbox=\box74
\tikz@figbox@bg=\box75
\tikz@tempbox=\box76
\tikz@tempbox@bg=\box77
\tikztreelevel=\count355
\tikznumberofchildren=\count356
\tikznumberofcurrentchild=\count357
\tikz@fig@count=\count358
 (C:\Program Files\MiKTeX\tex/generic/pgf/modules\pgfmodulematrix.code.tex
File: pgfmodulematrix.code.tex 2026-08-01 v3.1.12 (3.1.12)
\pgfmatrixcurrentrow=\count359
\pgfmatrixcurrentcolumn=\count360
\pgf@matrix@numberofcolumns=\count361
)
\tikz@expandcount=\count362

(C:\Program Files\MiKTeX\tex/generic/pgf/frontendlayer/tikz/libraries\tikzlibra
rytopaths.code.tex
File: tikzlibrarytopaths.code.tex 2026-08-01 v3.1.12 (3.1.12)
)))
(C:\Program Files\MiKTeX\tex/generic/pgf/libraries\pgflibraryarrows.meta.code.t
ex
File: pgflibraryarrows.meta.code.tex 2026-08-01 v3.1.12 (3.1.12)
\pgfarrowinset=\dimen324
\pgfarrowlength=\dimen325
\pgfarrowwidth=\dimen326
\pgfarrowlinewidth=\dimen327
)
(C:\Program Files\MiKTeX\tex/generic/pgf/frontendlayer/tikz/libraries\tikzlibra
rypositioning.code.tex
File: tikzlibrarypositioning.code.tex 2026-08-01 v3.1.12 (3.1.12)
)
(C:\Program Files\MiKTeX\tex/generic/pgf/frontendlayer/tikz/libraries\tikzlibra
rycalc.code.tex
File: tikzlibrarycalc.code.tex 2026-08-01 v3.1.12 (3.1.12)
)
(C:\Program Files\MiKTeX\tex/generic/pgf/frontendlayer/tikz/libraries\tikzlibra
ryfit.code.tex
File: tikzlibraryfit.code.tex 2026-08-01 v3.1.12 (3.1.12)
)
(C:\Program Files\MiKTeX\tex/generic/pgf/frontendlayer/tikz/libraries\tikzlibra
rybackgrounds.code.tex
File: tikzlibrarybackgrounds.code.tex 2026-08-01 v3.1.12 (3.1.12)
\pgf@layerbox@background=\box78
\pgf@layerboxsaved@background=\box79
)
(C:\Program Files\MiKTeX\tex/generic/pgf/frontendlayer/tikz/libraries\tikzlibra
ryshapes.geometric.code.tex
File: tikzlibraryshapes.geometric.code.tex 2026-08-01 v3.1.12 (3.1.12)

(C:\Program Files\MiKTeX\tex/generic/pgf/libraries/shapes\pgflibraryshapes.geom
etric.code.tex
File: pgflibraryshapes.geometric.code.tex 2026-08-01 v3.1.12 (3.1.12)
))
(C:\Program Files\MiKTeX\tex/generic/pgf/frontendlayer/tikz/libraries\tikzlibra
ryshapes.symbols.code.tex
File: tikzlibraryshapes.symbols.code.tex 2026-08-01 v3.1.12 (3.1.12)

(C:\Program Files\MiKTeX\tex/generic/pgf/libraries/shapes\pgflibraryshapes.symb
ols.code.tex
File: pgflibraryshapes.symbols.code.tex 2026-08-01 v3.1.12 (3.1.12)
))
(C:\Program Files\MiKTeX\tex/generic/pgf/frontendlayer/tikz/libraries\tikzlibra
rydecorations.pathreplacing.code.tex
(C:\Program Files\MiKTeX\tex/generic/pgf/frontendlayer/tikz/libraries\tikzlibra
rydecorations.code.tex
(C:\Program Files\MiKTeX\tex/generic/pgf/modules\pgfmoduledecorations.code.tex
\pgfdecoratedcompleteddistance=\dimen328
\pgfdecoratedremainingdistance=\dimen329
\pgfdecoratedinputsegmentcompleteddistance=\dimen330
\pgfdecoratedinputsegmentremainingdistance=\dimen331
\pgf@decorate@distancetomove=\dimen332
\pgf@decorate@repeatstate=\count363
\pgfdecorationsegmentamplitude=\dimen333
\pgfdecorationsegmentlength=\dimen334
)
\tikz@lib@dec@box=\box80
)
(C:\Program Files\MiKTeX\tex/generic/pgf/libraries/decorations\pgflibrarydecora
tions.pathreplacing.code.tex))
(C:\Program Files\MiKTeX\tex/generic/pgf/frontendlayer/tikz/libraries\tikzlibra
rypatterns.code.tex
File: tikzlibrarypatterns.code.tex 2026-08-01 v3.1.12 (3.1.12)

(C:\Program Files\MiKTeX\tex/generic/pgf/libraries\pgflibrarypatterns.code.tex
File: pgflibrarypatterns.code.tex 2026-08-01 v3.1.12 (3.1.12)
))
(C:\Program Files\MiKTeX\tex/generic/pgf/frontendlayer/tikz/libraries\tikzlibra
rymatrix.code.tex
File: tikzlibrarymatrix.code.tex 2026-08-01 v3.1.12 (3.1.12)
)
(C:\Users\ASUS\AppData\Roaming\MiKTeX\tex/latex/pgf-blur\tikzlibraryshadows.blu
r.code.tex  v1.02, 2012/12/09
(C:\Program Files\MiKTeX\tex/generic/pgf/frontendlayer/tikz/libraries\tikzlibra
ryshadows.code.tex
File: tikzlibraryshadows.code.tex 2026-08-01 v3.1.12 (3.1.12)

(C:\Program Files\MiKTeX\tex/generic/pgf/frontendlayer/tikz/libraries\tikzlibra
ryfadings.code.tex
File: tikzlibraryfadings.code.tex 2026-08-01 v3.1.12 (3.1.12)

(C:\Program Files\MiKTeX\tex/generic/pgf/libraries\pgflibraryfadings.code.tex
File: pgflibraryfadings.code.tex 2026-08-01 v3.1.12 (3.1.12)
)))
\pgfbs@fading@count=\count364
) (C:\Program Files\MiKTeX\tex/latex/pgfplots\pgfplots.sty
(C:\Program Files\MiKTeX\tex/generic/pgfplots\pgfplots.revision.tex)
Package: pgfplots 2026/08/26 v1.18.3 Data Visualization (1.18.3)

(C:\Program Files\MiKTeX\tex/generic/pgfplots\pgfplots.code.tex
(C:\Program Files\MiKTeX\tex/generic/pgfplots\pgfplotscore.code.tex
\t@pgfplots@toka=\toks58
\t@pgfplots@tokb=\toks59
\t@pgfplots@tokc=\toks60
\pgfplots@tmpa=\dimen335
\c@pgfplots@coordindex=\count365
\c@pgfplots@scanlineindex=\count366

(C:\Program Files\MiKTeX\tex/generic/pgfplots/sys\pgfplotssysgeneric.code.tex))
(C:\Program Files\MiKTeX\tex/generic/pgfplots/libs\pgfplotslibrary.code.tex)
(C:\Program Files\MiKTeX\tex/generic/pgfplots/oldpgfcompatib\pgfplotsoldpgfsupp
_loader.code.tex
(C:\Program Files\MiKTeX\tex/generic/pgf/libraries\pgflibraryfpu.code.tex)
(C:\Program Files\MiKTeX\tex/generic/pgfplots/oldpgfcompatib\pgfplotsoldpgfsupp
_pgfutil-common-lists.tex))
(C:\Program Files\MiKTeX\tex/generic/pgfplots/util\pgfplotsutil.code.tex
(C:\Program Files\MiKTeX\tex/generic/pgfplots/liststructure\pgfplotsliststructu
re.code.tex)
(C:\Program Files\MiKTeX\tex/generic/pgfplots/liststructure\pgfplotsliststructu
reext.code.tex)
(C:\Program Files\MiKTeX\tex/generic/pgfplots/liststructure\pgfplotsarray.code.
tex
\c@pgfplotsarray@tmp=\count367
)
(C:\Program Files\MiKTeX\tex/generic/pgfplots/liststructure\pgfplotsmatrix.code
.tex)
(C:\Program Files\MiKTeX\tex/generic/pgfplots/numtable\pgfplotstableshared.code
.tex
\c@pgfplotstable@counta=\count368
\t@pgfplotstable@a=\toks61
)
(C:\Program Files\MiKTeX\tex/generic/pgfplots/liststructure\pgfplotsdeque.code.
tex) (C:\Program Files\MiKTeX\tex/generic/pgfplots/util\pgfplotsbinary.code.tex

(C:\Program Files\MiKTeX\tex/generic/pgfplots/util\pgfplotsbinary.data.code.tex
))
(C:\Program Files\MiKTeX\tex/generic/pgfplots/util\pgfplotsutil.verb.code.tex)
(C:\Program Files\MiKTeX\tex/generic/pgfplots/libs\pgflibrarypgfplots.surfshadi
ng.code.tex
\c@pgfplotslibrarysurf@no=\count369

(C:\Program Files\MiKTeX\tex/generic/pgfplots/sys\pgflibrarypgfplots.surfshadin
g.pgfsys-pdftex.def)))
(C:\Program Files\MiKTeX\tex/generic/pgfplots/util\pgfplotscolormap.code.tex
(C:\Program Files\MiKTeX\tex/generic/pgfplots/util\pgfplotscolor.code.tex))
(C:\Program Files\MiKTeX\tex/generic/pgfplots\pgfplotsstackedplots.code.tex)
(C:\Program Files\MiKTeX\tex/generic/pgfplots\pgfplotsplothandlers.code.tex
(C:\Program Files\MiKTeX\tex/generic/pgfplots\pgfplotsmeshplothandler.code.tex
(C:\Program Files\MiKTeX\tex/generic/pgfplots\pgfplotsmeshplotimage.code.tex)))
(C:\Program Files\MiKTeX\tex/generic/pgfplots\pgfplots.scaling.code.tex)
(C:\Program Files\MiKTeX\tex/generic/pgfplots\pgfplotscoordprocessing.code.tex)
(C:\Program Files\MiKTeX\tex/generic/pgfplots\pgfplots.errorbars.code.tex)
(C:\Program Files\MiKTeX\tex/generic/pgfplots\pgfplots.markers.code.tex)
(C:\Program Files\MiKTeX\tex/generic/pgfplots\pgfplotsticks.code.tex)
(C:\Program Files\MiKTeX\tex/generic/pgfplots\pgfplots.paths.code.tex)
(C:\Program Files\MiKTeX\tex/generic/pgf/frontendlayer/tikz/libraries\tikzlibra
rydecorations.pathmorphing.code.tex
(C:\Program Files\MiKTeX\tex/generic/pgf/libraries/decorations\pgflibrarydecora
tions.pathmorphing.code.tex))
(C:\Program Files\MiKTeX\tex/generic/pgfplots/libs\tikzlibrarypgfplots.contourl
ua.code.tex)
\pgfplots@numplots=\count370
\pgfplots@xmin@reg=\dimen336
\pgfplots@xmax@reg=\dimen337
\pgfplots@ymin@reg=\dimen338
\pgfplots@ymax@reg=\dimen339
\pgfplots@zmin@reg=\dimen340
\pgfplots@zmax@reg=\dimen341
)
(C:\Program Files\MiKTeX\tex/generic/pgf/frontendlayer/tikz/libraries\tikzlibra
ryplotmarks.code.tex
File: tikzlibraryplotmarks.code.tex 2026-08-01 v3.1.12 (3.1.12)

(C:\Program Files\MiKTeX\tex/generic/pgf/libraries\pgflibraryplotmarks.code.tex
File: pgflibraryplotmarks.code.tex 2026-08-01 v3.1.12 (3.1.12)
)))
(C:\Program Files\MiKTeX\tex/generic/pgfplots/libs\tikzlibrarypgfplots.groupplo
ts.code.tex
\pgfplots@group@current@plot=\count371
\pgfplots@group@current@row=\count372
\pgfplots@group@current@column=\count373
)
(C:\Program Files\MiKTeX\tex/generic/pgfplots/libs\tikzlibrarypgfplots.fillbetw
een.code.tex
(C:\Program Files\MiKTeX\tex/generic/pgfplots/pgfcontrib\tikzlibraryfillbetween
.code.tex
(C:\Program Files\MiKTeX\tex/generic/pgf/frontendlayer/tikz/libraries\tikzlibra
ryintersections.code.tex
(C:\Program Files\MiKTeX\tex/generic/pgf/libraries\pgflibraryintersections.code
.tex
\pgf@intersect@solutions=\count374
))
(C:\Program Files\MiKTeX\tex/generic/pgfplots/pgfcontrib\tikzlibrarydecorations
.softclip.code.tex
(C:\Program Files\MiKTeX\tex/generic/pgfplots/pgfcontrib\pgflibraryfillbetween.
code.tex)))
(C:\Program Files\MiKTeX\tex/generic/pgfplots/libs\tikzlibrarypgfplots.decorati
ons.softclip.code.tex)) (C:\Program Files\MiKTeX\tex/latex/tools\xr.sty
Package: xr 2024-12-22 v6.00 eXternal References (DPC)
)
(C:\Users\ASUS\AppData\Roaming\MiKTeX\tex/latex/cleveref\cleveref.sty
Package: cleveref 2018/03/27 v0.21.4 Intelligent cross-referencing
Package cleveref Info: `hyperref' support loaded on input line 2370.
LaTeX Info: Redefining \cref on input line 2370.
LaTeX Info: Redefining \Cref on input line 2370.
LaTeX Info: Redefining \crefrange on input line 2370.
LaTeX Info: Redefining \Crefrange on input line 2370.
LaTeX Info: Redefining \cpageref on input line 2370.
LaTeX Info: Redefining \Cpageref on input line 2370.
LaTeX Info: Redefining \cpagerefrange on input line 2370.
LaTeX Info: Redefining \Cpagerefrange on input line 2370.
LaTeX Info: Redefining \labelcref on input line 2370.
LaTeX Info: Redefining \labelcpageref on input line 2370.
Package cleveref Info: `amsthm' support loaded on input line 3026.
)
==> First Aid for cleveref.sty applied!
(figures/tikz_styles.tex)
\c@theorem=\count375
\c@assumption=\count376
\@float@every@algorithm=\toks62
\c@algorithm=\count377
\c@algline=\count378
\algind=\skip91
 (sections/abstract.tex))
Package hyperref Info: Option `pdfdisplaydoctitle' set `true' on input line 18.


Excluding comment 'screenonly' Include comment 'printonly'
Excluding comment 'anonsuppress' Excluding comment 'acks'
(C:\Program Files\MiKTeX\tex/latex/l3kernel\l3backend-pdftex.def
File: l3backend-pdftex.def 2026-09-09 L3 backend support: PDF output (pdfTeX)
\l__color_backend_stack_int=\count379
) (main.aux)
\openout1 = `main.aux'.

LaTeX Font Info:    Checking defaults for OML/nxlmi/m/it on input line 18.
LaTeX Font Info:    Trying to load font information for OML+nxlmi on input line
 18.

(C:\Users\ASUS\AppData\Roaming\MiKTeX\tex/latex/newtx\omlnxlmi.fd
File: omlnxlmi.fd 2013/11/19 Fontinst v1.933 font definitions for OML/nxlmi.
)
LaTeX Font Info:    ... okay on input line 18.
LaTeX Font Info:    Checking defaults for OMS/cmsy/m/n on input line 18.
LaTeX Font Info:    ... okay on input line 18.
LaTeX Font Info:    Checking defaults for OT1/cmr/m/n on input line 18.
LaTeX Font Info:    ... okay on input line 18.
LaTeX Font Info:    Checking defaults for T1/cmr/m/n on input line 18.
LaTeX Font Info:    ... okay on input line 18.
LaTeX Font Info:    Checking defaults for TS1/cmr/m/n on input line 18.
LaTeX Font Info:    ... okay on input line 18.
LaTeX Font Info:    Checking defaults for OMX/cmex/m/n on input line 18.
LaTeX Font Info:    ... okay on input line 18.
LaTeX Font Info:    Checking defaults for U/ntxexa/m/n on input line 18.
LaTeX Font Info:    Trying to load font information for U+ntxexa on input line 
18.

(C:\Users\ASUS\AppData\Roaming\MiKTeX\tex/latex/newtx\untxexa.fd
File: untxexa.fd 2012/04/16 Fontinst v1.933 font definitions for U/ntxexa.
)
LaTeX Font Info:    ... okay on input line 18.
LaTeX Font Info:    Checking defaults for PD1/pdf/m/n on input line 18.
LaTeX Font Info:    ... okay on input line 18.
LaTeX Font Info:    Checking defaults for PU/pdf/m/n on input line 18.
LaTeX Font Info:    ... okay on input line 18.
LaTeX Font Info:    Checking defaults for LMS/ntxsy/m/n on input line 18.
LaTeX Font Info:    Trying to load font information for LMS+ntxsy on input line
 18.

(C:\Users\ASUS\AppData\Roaming\MiKTeX\tex/latex/newtx\lmsntxsy.fd
File: lmsntxsy.fd 2016/07/02 Fontinst v1.933 font definitions for LMS/ntxsy.
)
LaTeX Font Info:    ... okay on input line 18.
LaTeX Font Info:    Checking defaults for LMX/ntxexx/m/n on input line 18.
LaTeX Font Info:    Trying to load font information for LMX+ntxexx on input lin
e 18.

(C:\Users\ASUS\AppData\Roaming\MiKTeX\tex/latex/newtx\lmxntxexx.fd
File: lmxntxexx.fd 2016/07/03 Fontinst v1.933 font definitions for LMX/ntxexx.
)
LaTeX Font Info:    ... okay on input line 18.
LaTeX Font Info:    Font shape `T1/LinuxLibertineT-TLF/m/n' will be
(Font)              scaled to size 7.0pt on input line 18.
LaTeX Font Info:    Trying to load font information for OT1+LinuxLibertineT-TLF
 on input line 18.

(C:\Users\ASUS\AppData\Roaming\MiKTeX\tex/latex/libertine\ot1linuxlibertinet-tl
f.fd
File: OT1LinuxLibertineT-TLF.fd 2017/03/20 (autoinst) Font definitions for OT1/
LinuxLibertineT-TLF.
)
LaTeX Font Info:    Font shape `OT1/LinuxLibertineT-TLF/m/n' will be
(Font)              scaled to size 7.3pt on input line 18.
<<ot1.cmap>>
LaTeX Font Info:    Font shape `OT1/LinuxLibertineT-TLF/m/n' will be
(Font)              scaled to size 5.5pt on input line 18.
LaTeX Font Info:    Font shape `OML/nxlmi/m/it' will be
(Font)              scaled to size 7.3pt on input line 18.
<<oml.cmap>>
LaTeX Font Info:    Font shape `OML/nxlmi/m/it' will be
(Font)              scaled to size 5.5pt on input line 18.
LaTeX Font Info:    Font shape `LMS/ntxsy/m/n' will be
(Font)              scaled to size 7.3pt on input line 18.
LaTeX Font Info:    Font shape `LMS/ntxsy/m/n' will be
(Font)              scaled to size 5.5pt on input line 18.
LaTeX Font Info:    Font shape `LMX/ntxexx/m/n' will be
(Font)              scaled to size 7.3pt on input line 18.
LaTeX Font Info:    Font shape `LMX/ntxexx/m/n' will be
(Font)              scaled to size 5.5pt on input line 18.
LaTeX Font Info:    Trying to load font information for U+msa on input line 18.


(C:\Program Files\MiKTeX\tex/latex/amsfonts\umsa.fd
File: umsa.fd 2013/01/14 v3.01 AMS symbols A
)
LaTeX Font Info:    Trying to load font information for U+msb on input line 18.


(C:\Program Files\MiKTeX\tex/latex/amsfonts\umsb.fd
File: umsb.fd 2013/01/14 v3.01 AMS symbols B
)
LaTeX Font Info:    Trying to load font information for U+ntxmia on input line 
18.

(C:\Users\ASUS\AppData\Roaming\MiKTeX\tex/latex/newtx\untxmia.fd
File: untxmia.fd 2024/04/09 Fontinst v1.933 font definitions for U/ntxmia.
)
LaTeX Font Info:    Font shape `U/ntxmia/m/it' will be
(Font)              scaled to size 7.3pt on input line 18.
LaTeX Font Info:    Font shape `U/ntxmia/m/it' will be
(Font)              scaled to size 5.5pt on input line 18.
LaTeX Font Info:    Trying to load font information for U+ntxsym on input line 
18.

(C:\Users\ASUS\AppData\Roaming\MiKTeX\tex/latex/newtx\untxsym.fd
File: untxsym.fd 2023/08/16 Fontinst v1.933 font definitions for U/ntxsym.
)
LaTeX Font Info:    Font shape `U/ntxsym/m/n' will be
(Font)              scaled to size 7.3pt on input line 18.
LaTeX Font Info:    Font shape `U/ntxsym/m/n' will be
(Font)              scaled to size 5.5pt on input line 18.
LaTeX Font Info:    Trying to load font information for U+ntxsyc on input line 
18.

(C:\Users\ASUS\AppData\Roaming\MiKTeX\tex/latex/newtx\untxsyc.fd
File: untxsyc.fd 2012/04/12 Fontinst v1.933 font definitions for U/ntxsyc.
)
LaTeX Font Info:    Font shape `U/ntxsyc/m/n' will be
(Font)              scaled to size 7.3pt on input line 18.
LaTeX Font Info:    Font shape `U/ntxsyc/m/n' will be
(Font)              scaled to size 5.5pt on input line 18.
LaTeX Font Info:    Font shape `U/ntxexa/m/n' will be
(Font)              scaled to size 7.3pt on input line 18.
LaTeX Font Info:    Font shape `U/ntxexa/m/n' will be
(Font)              scaled to size 5.5pt on input line 18.
LaTeX Font Info:    Font shape `OT1/LinuxLibertineT-TLF/sb/n' will be
(Font)              scaled to size 7.3pt on input line 18.
LaTeX Font Info:    Font shape `OT1/LinuxLibertineT-TLF/sb/n' will be
(Font)              scaled to size 5.5pt on input line 18.
LaTeX Font Info:    Font shape `OML/nxlmi/b/it' will be
(Font)              scaled to size 7.3pt on input line 18.
LaTeX Font Info:    Font shape `OML/nxlmi/b/it' will be
(Font)              scaled to size 5.5pt on input line 18.
LaTeX Font Info:    Font shape `LMS/ntxsy/b/n' will be
(Font)              scaled to size 7.3pt on input line 18.
LaTeX Font Info:    Font shape `LMS/ntxsy/b/n' will be
(Font)              scaled to size 5.5pt on input line 18.
LaTeX Font Info:    Font shape `LMX/ntxexx/b/n' will be
(Font)              scaled to size 7.3pt on input line 18.
LaTeX Font Info:    Font shape `LMX/ntxexx/b/n' will be
(Font)              scaled to size 5.5pt on input line 18.
LaTeX Info: Command `\dddot' is already robust on input line 18.
LaTeX Info: Command `\ddddot' is already robust on input line 18.
LaTeX Info: Redefining \microtypecontext on input line 18.
Package microtype Info: Applying patch `item' on input line 18.
Package microtype Info: Applying patch `toc' on input line 18.
Package microtype Info: Applying patch `eqnum' on input line 18.
Package microtype Info: Applying patch `footnote' on input line 18.
Package microtype Info: Applying patch `verbatim' on input line 18.
LaTeX Info: Redefining \microtypesetup on input line 18.
Package microtype Info: Generating PDF output.
Package microtype Info: Character protrusion enabled (level 2).
Package microtype Info: Using default protrusion set `alltext'.
Package microtype Info: Automatic font expansion enabled (level 2),
(microtype)             stretch: 20, shrink: 20, step: 1, non-selected.
Package microtype Info: Using default expansion set `alltext-nott'.
Package microtype Info: Patching command `\showhyphens'.
Package microtype Info: No adjustment of tracking.
Package microtype Info: No adjustment of interword spacing.
Package microtype Info: No adjustment of character kerning.
Package microtype Info: Loading generic protrusion settings for font family
(microtype)             `LinuxLibertineT-TLF' (encoding: T1).
(microtype)             For optimal results, create family-specific settings.
(microtype)             See the microtype manual for details.
Package hyperref Info: Link coloring OFF on input line 18.
 (main.out)
(main.out)
\@outlinefile=\write5
\openout5 = `main.out'.

 (C:\Program Files\MiKTeX\tex/context/base/mkii\supp-pdf.mkii
[Loading MPS to PDF converter (version 2006.09.02).]
\scratchcounter=\count380
\scratchdimen=\dimen342
\scratchbox=\box81
\nofMPsegments=\count381
\nofMParguments=\count382
\everyMPshowfont=\toks63
\MPscratchCnt=\count383
\MPscratchDim=\dimen343
\MPnumerator=\count384
\makeMPintoPDFobject=\count385
\everyMPtoPDFconversion=\toks64
) (C:\Program Files\MiKTeX\tex/latex/epstopdf-pkg\epstopdf-base.sty
Package: epstopdf-base 2020-01-24 v2.11 Base part for package epstopdf
Package epstopdf-base Info: Redefining graphics rule for `.eps' on input line 4
85.

(C:\Program Files\MiKTeX\tex/latex/00miktex\epstopdf-sys.cfg
File: epstopdf-sys.cfg 2021/03/18 v2.0 Configuration of epstopdf for MiKTeX
))
*geometry* driver: auto-detecting
*geometry* detected driver: pdftex
*geometry* verbose mode - [ preamble ] result:
* driver: pdftex
* paper: custom
* layout: <same size as paper>
* layoutoffset:(h,v)=(0.0pt,0.0pt)
* modes: includehead includefoot twoside heightrounded 
* h-part:(L,W,R)=(54.0pt, 506.295pt, 54.0pt)
* v-part:(T,H,B)=(57.0pt, 664.96999pt, 73.0pt)
* \paperwidth=614.295pt
* \paperheight=794.96999pt
* \textwidth=506.295pt
* \textheight=626.0pt
* \oddsidemargin=-18.26999pt
* \evensidemargin=-18.26999pt
* \topmargin=-15.26999pt
* \headheight=13.0pt
* \headsep=14.0pt
* \topskip=10.0pt
* \footskip=12.0pt
* \marginparwidth=24.0pt
* \marginparsep=11.0pt
* \columnsep=24.0pt
* \skip\footins=7.0pt plus 11.0pt
* \hoffset=0.0pt
* \voffset=0.0pt
* \mag=1000
* \@twocolumnfalse
* \@twosidetrue
* \@mparswitchtrue
* \@reversemarginfalse
* (1in=72.27pt=25.4mm, 1cm=28.453pt)

\c@mv@tabular=\count386
\c@mv@boldtabular=\count387
(C:\Users\ASUS\AppData\Roaming\MiKTeX\tex/latex/upquote\upquote.sty
Package: upquote 2012/04/19 v1.3 upright-quote and grave-accent glyphs in verba
tim
)
Package caption Info: Begin \AtBeginDocument code.
Package caption Info: float package is loaded.
Package caption Info: End \AtBeginDocument code.

Package pgfplots notification 'compat/show suggested version=true': document ha
s been generated with the most recent feature set (\pgfplotsset{compat=1.18}).

LaTeX Font Info:    Font shape `T1/LinuxLibertineT-TLF/m/n' will be
(Font)              scaled to size 17.28pt on input line 21.
LaTeX Font Info:    Trying to load font information for T1+LinuxBiolinumT-TLF o
n input line 21.

(C:\Users\ASUS\AppData\Roaming\MiKTeX\tex/latex/libertine\t1linuxbiolinumt-tlf.
fd
File: T1LinuxBiolinumT-TLF.fd 2017/03/20 (autoinst) Font definitions for T1/Lin
uxBiolinumT-TLF.
)
LaTeX Font Info:    Font shape `T1/LinuxBiolinumT-TLF/m/n' will be
(Font)              scaled to size 17.28pt on input line 21.
Package microtype Info: Loading generic protrusion settings for font family
(microtype)             `LinuxBiolinumT-TLF' (encoding: T1).
(microtype)             For optimal results, create family-specific settings.
(microtype)             See the microtype manual for details.
LaTeX Font Info:    Font shape `T1/LinuxBiolinumT-TLF/b/n' will be
(Font)              scaled to size 17.28pt on input line 21.
LaTeX Font Info:    Font shape `T1/LinuxLibertineT-TLF/m/n' will be
(Font)              scaled to size 12.0pt on input line 21.
LaTeX Font Info:    Font shape `T1/LinuxLibertineT-TLF/m/n' will be
(Font)              scaled to size 10.0pt on input line 21.
<by.pdf, id=190, 121.45375pt x 43.16125pt>
File: by.pdf Graphic file (type pdf)
<use by.pdf>
Package pdftex.def Info: by.pdf  used on input line 21.
(pdftex.def)             Requested size: 43.40558pt x 15.42474pt.
LaTeX Font Info:    Font shape `T1/LinuxLibertineT-TLF/m/it' will be
(Font)              scaled to size 7.0pt on input line 21.
LaTeX Font Info:    Trying to load font information for TS1+LinuxLibertineT-TLF
 on input line 21.

(C:\Users\ASUS\AppData\Roaming\MiKTeX\tex/latex/libertine\ts1linuxlibertinet-tl
f.fd
File: TS1LinuxLibertineT-TLF.fd 2017/03/20 (autoinst) Font definitions for TS1/
LinuxLibertineT-TLF.
)
LaTeX Font Info:    Font shape `TS1/LinuxLibertineT-TLF/m/n' will be
(Font)              scaled to size 7.0pt on input line 21.
Package microtype Info: Loading generic protrusion settings for font family
(microtype)             `LinuxLibertineT-TLF' (encoding: TS1).
(microtype)             For optimal results, create family-specific settings.
(microtype)             See the microtype manual for details.
LaTeX Font Info:    Font shape `T1/LinuxLibertineT-TLF/b/n' will be
(Font)              scaled to size 9.0pt on input line 21.
LaTeX Font Info:    Font shape `T1/LinuxLibertineT-TLF/b/n' will be
(Font)              scaled to size 10.95pt on input line 21.
LaTeX Font Info:    Font shape `T1/LinuxLibertineT-TLF/m/sc' will be
(Font)              scaled to size 9.0pt on input line 21.
LaTeX Font Info:    Font shape `OT1/LinuxLibertineT-TLF/m/n' will be
(Font)              scaled to size 9.0pt on input line 21.
Package microtype Info: Loading generic protrusion settings for font family
(microtype)             `LinuxLibertineT-TLF' (encoding: OT1).
(microtype)             For optimal results, create family-specific settings.
(microtype)             See the microtype manual for details.
LaTeX Font Info:    Font shape `OT1/LinuxLibertineT-TLF/m/n' will be
(Font)              scaled to size 6.6pt on input line 21.
LaTeX Font Info:    Font shape `OML/nxlmi/m/it' will be
(Font)              scaled to size 9.0pt on input line 21.
LaTeX Font Info:    Font shape `OML/nxlmi/m/it' will be
(Font)              scaled to size 6.6pt on input line 21.
LaTeX Font Info:    Font shape `LMS/ntxsy/m/n' will be
(Font)              scaled to size 9.0pt on input line 21.
LaTeX Font Info:    Font shape `LMS/ntxsy/m/n' will be
(Font)              scaled to size 6.6pt on input line 21.
LaTeX Font Info:    Font shape `LMX/ntxexx/m/n' will be
(Font)              scaled to size 9.0pt on input line 21.
LaTeX Font Info:    Font shape `LMX/ntxexx/m/n' will be
(Font)              scaled to size 6.6pt on input line 21.
 (C:\Users\ASUS\AppData\Roaming\MiKTeX\tex/latex/microtype\mt-msa.cfg
File: mt-msa.cfg 2006/02/04 v1.1 microtype config. file: AMS symbols (a) (RS)
)
(C:\Users\ASUS\AppData\Roaming\MiKTeX\tex/latex/microtype\mt-msb.cfg
File: mt-msb.cfg 2005/06/01 v1.0 microtype config. file: AMS symbols (b) (RS)
)
LaTeX Font Info:    Font shape `U/ntxmia/m/it' will be
(Font)              scaled to size 9.0pt on input line 21.
LaTeX Font Info:    Font shape `U/ntxmia/m/it' will be
(Font)              scaled to size 6.6pt on input line 21.
LaTeX Font Info:    Font shape `U/ntxsym/m/n' will be
(Font)              scaled to size 9.0pt on input line 21.
LaTeX Font Info:    Font shape `U/ntxsym/m/n' will be
(Font)              scaled to size 6.6pt on input line 21.
LaTeX Font Info:    Font shape `U/ntxsyc/m/n' will be
(Font)              scaled to size 9.0pt on input line 21.
LaTeX Font Info:    Font shape `U/ntxsyc/m/n' will be
(Font)              scaled to size 6.6pt on input line 21.
LaTeX Font Info:    Font shape `U/ntxexa/m/n' will be
(Font)              scaled to size 9.0pt on input line 21.
LaTeX Font Info:    Font shape `U/ntxexa/m/n' will be
(Font)              scaled to size 6.6pt on input line 21.
LaTeX Font Info:    Font shape `OT1/LinuxLibertineT-TLF/sb/n' will be
(Font)              scaled to size 9.0pt on input line 21.
LaTeX Font Info:    Font shape `OT1/LinuxLibertineT-TLF/sb/n' will be
(Font)              scaled to size 6.6pt on input line 21.
LaTeX Font Info:    Font shape `OML/nxlmi/b/it' will be
(Font)              scaled to size 9.0pt on input line 21.
LaTeX Font Info:    Font shape `OML/nxlmi/b/it' will be
(Font)              scaled to size 6.6pt on input line 21.
LaTeX Font Info:    Font shape `LMS/ntxsy/b/n' will be
(Font)              scaled to size 9.0pt on input line 21.
LaTeX Font Info:    Font shape `LMS/ntxsy/b/n' will be
(Font)              scaled to size 6.6pt on input line 21.
LaTeX Font Info:    Font shape `LMX/ntxexx/b/n' will be
(Font)              scaled to size 9.0pt on input line 21.
LaTeX Font Info:    Font shape `LMX/ntxexx/b/n' will be
(Font)              scaled to size 6.6pt on input line 21.
LaTeX Font Info:    Font shape `T1/LinuxLibertineT-TLF/m/it' will be
(Font)              scaled to size 9.0pt on input line 21.

Overfull \hbox (1.0672pt too wide) in paragraph at lines 21--21
\T1/LinuxLibertineT-TLF/m/n/9 (-20) multi-agent LLM se-cu-rity; se-cu-rity benc
h-mark; co-evolving red/blue
 []


Overfull \hbox (1.2944pt too wide) in paragraph at lines 21--21
\T1/LinuxLibertineT-TLF/m/n/9 (-20) eval-u-a-tion; col-lu-sion; prompt in-jec-t
ion; de-ter-min-is-tic se-cu-rity check-
 []

LaTeX Font Info:    Font shape `T1/LinuxLibertineT-TLF/m/n' will be
(Font)              scaled to size 8.0pt on input line 21.
LaTeX Font Info:    Font shape `T1/LinuxLibertineT-TLF/b/n' will be
(Font)              scaled to size 8.0pt on input line 21.
LaTeX Font Info:    Font shape `T1/LinuxLibertineT-TLF/m/it' will be
(Font)              scaled to size 8.0pt on input line 21.

Underfull \vbox (badness 2744) has occurred while \output is active []


(sections/introduction.tex
LaTeX Font Info:    Trying to load font information for T1+zi4 on input line 9.


(C:\Users\ASUS\AppData\Roaming\MiKTeX\tex/latex/inconsolata\t1zi4.fd
File: t1zi4.fd 2018/01/14 T1/zi4 (Inconsolata)
)
LaTeX Font Info:    Font shape `T1/zi4/m/n' will be
(Font)              scaled to size 9.0pt on input line 9.
Package microtype Info: Loading generic protrusion settings for font family
(microtype)             `zi4' (encoding: T1).
(microtype)             For optimal results, create family-specific settings.
(microtype)             See the microtype manual for details.
LaTeX Font Info:    Font shape `T1/LinuxBiolinumT-TLF/m/n' will be
(Font)              scaled to size 9.0pt on input line 45.
LaTeX Font Info:    Font shape `T1/LinuxBiolinumT-TLF/m/n' will be
(Font)              scaled to size 7.0pt on input line 45.
 [1.1{C:/Users/ASUS/AppData/Local/MiKTeX/fonts/map/pdftex/pdftex.map}{C:/Users/
ASUS/AppData/Roaming/MiKTeX/fonts/enc/dvips/libertine/lbtn_25tcsq.enc}{C:/Users
/ASUS/AppData/Roaming/MiKTeX/fonts/enc/dvips/libertine/lbtn_76gpa5.enc}

{C:/Users/ASUS/AppData/Roaming/MiKTeX/fonts/enc/dvips/libertine/lbtn_nh77jq.enc
}{C:/Users/ASUS/AppData/Roaming/MiKTeX/fonts/enc/dvips/libertine/lbtn_ncsllp.en
c}{C:/Users/ASUS/AppData/Roaming/MiKTeX/fonts/enc/dvips/libertine/lbtn_oexx6f.e
nc}{C:/Users/ASUS/AppData/Roaming/MiKTeX/fonts/enc/dvips/libertine/lbtn_7grukw.
enc}{C:/Users/ASUS/AppData/Roaming/MiKTeX/fonts/enc/dvips/libertine/lbtn_naooyc
.enc}{C:/Users/ASUS/AppData/Roaming/MiKTeX/fonts/enc/dvips/inconsolata/i4-t1-4.
enc} <./by.pdf>]
LaTeX Font Info:    Font shape `T1/LinuxLibertineT-TLF/b/sc' will be
(Font)              scaled to size 9.0pt on input line 50.
LaTeX Font Info:    Font shape `T1/LinuxLibertineT-TLF/m/n' will be
(Font)              scaled to size 6.6pt on input line 51.
LaTeX Font Info:    Font shape `T1/LinuxLibertineT-TLF/m/n' will be
(Font)              scaled to size 5.5pt on input line 51.


LaTeX Warning: Reference `sec:limitations' on page 1 undefined on input line 74
.

) (sections/related_work.tex
Overfull \hbox (3.74663pt too wide) in paragraph at lines 5--16
\T1/LinuxLibertineT-TLF/m/n/9 (-20) The clos-est in-stru-ments eval-u-ate a lon
e tool-using agent. ASB [[]Zhang
 []


Overfull \hbox (2.44234pt too wide) in paragraph at lines 18--37
\T1/LinuxLibertineT-TLF/m/n/9 (-20) et al[][] []2024[]], Magentic-One [[]Four-n
ey et al[][] []2024[]], and mix-ing/debating
 []


Underfull \vbox (badness 10000) has occurred while \output is active []

)
(sections/preliminaries.tex [2.2{C:/Users/ASUS/AppData/Roaming/MiKTeX/fonts/enc
/dvips/libertine/lbtn_tlukpt.enc}]
LaTeX Font Info:    Freeze math alphabet allocation in version normal.
(Font)              Allocated math groups: 14 (local: 2) on input line 24.
LaTeX Font Info:    Trying to load font information for OT1+LinuxBiolinumT-TLF 
on input line 24.

(C:\Users\ASUS\AppData\Roaming\MiKTeX\tex/latex/libertine\ot1linuxbiolinumt-tlf
.fd
File: OT1LinuxBiolinumT-TLF.fd 2017/03/20 (autoinst) Font definitions for OT1/L
inuxBiolinumT-TLF.
)
LaTeX Font Info:    Font shape `OT1/LinuxBiolinumT-TLF/m/n' will be
(Font)              scaled to size 9.0pt on input line 24.
Package microtype Info: Loading generic protrusion settings for font family
(microtype)             `LinuxBiolinumT-TLF' (encoding: OT1).
(microtype)             For optimal results, create family-specific settings.
(microtype)             See the microtype manual for details.
LaTeX Font Info:    Font shape `OT1/LinuxBiolinumT-TLF/m/n' will be
(Font)              scaled to size 6.6pt on input line 24.
LaTeX Font Info:    Font shape `OT1/LinuxBiolinumT-TLF/m/n' will be
(Font)              scaled to size 5.5pt on input line 24.
LaTeX Font Info:    Undo math alphabet allocation in version normal on input li
ne 24.
LaTeX Font Info:    No math alphabet change to frozen version normal on input l
ine 24.
LaTeX Font Info:    No math alphabet change to frozen version normal on input l
ine 25.
LaTeX Font Info:    No math alphabet change to frozen version normal on input l
ine 31.
LaTeX Font Info:    No math alphabet change to frozen version normal on input l
ine 31.
LaTeX Font Info:    No math alphabet change to frozen version normal on input l
ine 33.
LaTeX Font Info:    No math alphabet change to frozen version normal on input l
ine 34.


LaTeX Warning: Reference `sec:limitations' on page 1 undefined on input line 36
.

LaTeX Font Info:    No math alphabet change to frozen version normal on input l
ine 37.
LaTeX Font Info:    No math alphabet change to frozen version normal on input l
ine 37.
) (sections/system_model.tex
LaTeX Font Info:    No math alphabet change to frozen version normal on input l
ine 4.
LaTeX Font Info:    No math alphabet change to frozen version normal on input l
ine 5.
LaTeX Font Info:    No math alphabet change to frozen version normal on input l
ine 5.
LaTeX Font Info:    No math alphabet change to frozen version normal on input l
ine 8.
LaTeX Font Info:    No math alphabet change to frozen version normal on input l
ine 10.
LaTeX Font Info:    No math alphabet change to frozen version normal on input l
ine 10.
LaTeX Font Info:    No math alphabet change to frozen version normal on input l
ine 10.
LaTeX Font Info:    No math alphabet change to frozen version normal on input l
ine 13.
LaTeX Font Info:    No math alphabet change to frozen version normal on input l
ine 13.
LaTeX Font Info:    No math alphabet change to frozen version normal on input l
ine 14.
LaTeX Font Info:    No math alphabet change to frozen version normal on input l
ine 14.
LaTeX Font Info:    No math alphabet change to frozen version normal on input l
ine 16.
LaTeX Font Info:    No math alphabet change to frozen version normal on input l
ine 17.
LaTeX Font Info:    No math alphabet change to frozen version normal on input l
ine 19.
LaTeX Font Info:    No math alphabet change to frozen version normal on input l
ine 19.
LaTeX Font Info:    No math alphabet change to frozen version normal on input l
ine 19.
LaTeX Font Info:    No math alphabet change to frozen version normal on input l
ine 20.
LaTeX Font Info:    No math alphabet change to frozen version normal on input l
ine 26.
LaTeX Font Info:    No math alphabet change to frozen version normal on input l
ine 27.
LaTeX Font Info:    Nested math: keeping math alphabet allocation in version no
rmal on input line 30.
LaTeX Font Info:    Nested math: keeping math alphabet allocation in version no
rmal on input line 30.
LaTeX Font Info:    Nested math: keeping math alphabet allocation in version no
rmal on input line 30.
LaTeX Font Info:    Nested math: keeping math alphabet allocation in version no
rmal on input line 30.
LaTeX Font Info:    Nested math: keeping math alphabet allocation in version no
rmal on input line 32.
LaTeX Font Info:    Nested math: keeping math alphabet allocation in version no
rmal on input line 32.
LaTeX Font Info:    Undo math alphabet allocation in version normal on input li
ne 33.
LaTeX Font Info:    No math alphabet change to frozen version normal on input l
ine 33.
LaTeX Font Info:    No math alphabet change to frozen version normal on input l
ine 36.
LaTeX Font Info:    No math alphabet change to frozen version normal on input l
ine 37.
LaTeX Font Info:    No math alphabet change to frozen version normal on input l
ine 38.
LaTeX Font Info:    No math alphabet change to frozen version normal on input l
ine 40.
LaTeX Font Info:    No math alphabet change to frozen version normal on input l
ine 42.
LaTeX Font Info:    No math alphabet change to frozen version normal on input l
ine 42.
LaTeX Font Info:    No math alphabet change to frozen version normal on input l
ine 46.
) (sections/threat_model.tex)
(sections/problem_formulation.tex
LaTeX Font Info:    No math alphabet change to frozen version normal on input l
ine 11.
LaTeX Font Info:    No math alphabet change to frozen version normal on input l
ine 12.
LaTeX Font Info:    No math alphabet change to frozen version normal on input l
ine 12.
LaTeX Font Info:    No math alphabet change to frozen version normal on input l
ine 15.
LaTeX Font Info:    No math alphabet change to frozen version normal on input l
ine 15.
LaTeX Font Info:    No math alphabet change to frozen version normal on input l
ine 25.
LaTeX Font Info:    No math alphabet change to frozen version normal on input l
ine 25.
LaTeX Font Info:    Nested math: keeping math alphabet allocation in version no
rmal on input line 33.
LaTeX Font Info:    Nested math: keeping math alphabet allocation in version no
rmal on input line 33.
LaTeX Font Info:    Nested math: keeping math alphabet allocation in version no
rmal on input line 33.
LaTeX Font Info:    Nested math: keeping math alphabet allocation in version no
rmal on input line 33.
LaTeX Font Info:    Nested math: keeping math alphabet allocation in version no
rmal on input line 33.
LaTeX Font Info:    Nested math: keeping math alphabet allocation in version no
rmal on input line 33.
LaTeX Font Info:    Nested math: keeping math alphabet allocation in version no
rmal on input line 33.
LaTeX Font Info:    Nested math: keeping math alphabet allocation in version no
rmal on input line 33.
LaTeX Font Info:    Nested math: keeping math alphabet allocation in version no
rmal on input line 33.
LaTeX Font Info:    Nested math: keeping math alphabet allocation in version no
rmal on input line 33.
LaTeX Font Info:    Nested math: keeping math alphabet allocation in version no
rmal on input line 33.
LaTeX Font Info:    Nested math: keeping math alphabet allocation in version no
rmal on input line 33.
LaTeX Font Info:    Nested math: keeping math alphabet allocation in version no
rmal on input line 33.
LaTeX Font Info:    Nested math: keeping math alphabet allocation in version no
rmal on input line 33.
LaTeX Font Info:    Nested math: keeping math alphabet allocation in version no
rmal on input line 33.
LaTeX Font Info:    Nested math: keeping math alphabet allocation in version no
rmal on input line 33.
LaTeX Font Info:    Nested math: keeping math alphabet allocation in version no
rmal on input line 33.
LaTeX Font Info:    Nested math: keeping math alphabet allocation in version no
rmal on input line 33.
LaTeX Font Info:    Nested math: keeping math alphabet allocation in version no
rmal on input line 33.
LaTeX Font Info:    Nested math: keeping math alphabet allocation in version no
rmal on input line 33.
LaTeX Font Info:    Nested math: keeping math alphabet allocation in version no
rmal on input line 33.
LaTeX Font Info:    Nested math: keeping math alphabet allocation in version no
rmal on input line 33.
LaTeX Font Info:    Nested math: keeping math alphabet allocation in version no
rmal on input line 33.
LaTeX Font Info:    Nested math: keeping math alphabet allocation in version no
rmal on input line 33.
LaTeX Font Info:    Nested math: keeping math alphabet allocation in version no
rmal on input line 33.
LaTeX Font Info:    Nested math: keeping math alphabet allocation in version no
rmal on input line 33.
LaTeX Font Info:    Nested math: keeping math alphabet allocation in version no
rmal on input line 33.
LaTeX Font Info:    No math alphabet change to frozen version normal on input l
ine 33.
LaTeX Font Info:    No math alphabet change to frozen version normal on input l
ine 34.
LaTeX Font Info:    No math alphabet change to frozen version normal on input l
ine 34.
LaTeX Font Info:    No math alphabet change to frozen version normal on input l
ine 34.
 [3.3{C:/Users/ASUS/AppData/Roaming/MiKTeX/fonts/enc/dvips/libertine/lbtn_edcaw
a.enc}]
LaTeX Font Info:    No math alphabet change to frozen version normal on input l
ine 40.
LaTeX Font Info:    No math alphabet change to frozen version normal on input l
ine 41.
LaTeX Font Info:    No math alphabet change to frozen version normal on input l
ine 45.
LaTeX Font Info:    No math alphabet change to frozen version normal on input l
ine 47.
LaTeX Font Info:    No math alphabet change to frozen version normal on input l
ine 47.
LaTeX Font Info:    No math alphabet change to frozen version normal on input l
ine 48.
LaTeX Font Info:    No math alphabet change to frozen version normal on input l
ine 48.
LaTeX Font Info:    No math alphabet change to frozen version normal on input l
ine 49.
LaTeX Font Info:    No math alphabet change to frozen version normal on input l
ine 49.
LaTeX Font Info:    No math alphabet change to frozen version normal on input l
ine 49.
LaTeX Font Info:    No math alphabet change to frozen version normal on input l
ine 50.
LaTeX Font Info:    No math alphabet change to frozen version normal on input l
ine 50.
LaTeX Font Info:    No math alphabet change to frozen version normal on input l
ine 53.
LaTeX Font Info:    No math alphabet change to frozen version normal on input l
ine 53.
LaTeX Font Info:    No math alphabet change to frozen version normal on input l
ine 54.
LaTeX Font Info:    No math alphabet change to frozen version normal on input l
ine 60.
LaTeX Font Info:    No math alphabet change to frozen version normal on input l
ine 61.
LaTeX Font Info:    No math alphabet change to frozen version normal on input l
ine 61.
LaTeX Font Info:    No math alphabet change to frozen version normal on input l
ine 62.
LaTeX Font Info:    No math alphabet change to frozen version normal on input l
ine 63.
LaTeX Font Info:    No math alphabet change to frozen version normal on input l
ine 63.
LaTeX Font Info:    Nested math: keeping math alphabet allocation in version no
rmal on input line 65.
LaTeX Font Info:    Nested math: keeping math alphabet allocation in version no
rmal on input line 65.
LaTeX Font Info:    Nested math: keeping math alphabet allocation in version no
rmal on input line 65.
LaTeX Font Info:    Nested math: keeping math alphabet allocation in version no
rmal on input line 65.
LaTeX Font Info:    No math alphabet change to frozen version normal on input l
ine 68.
LaTeX Font Info:    No math alphabet change to frozen version normal on input l
ine 68.
LaTeX Font Info:    No math alphabet change to frozen version normal on input l
ine 74.
LaTeX Font Info:    No math alphabet change to frozen version normal on input l
ine 74.
LaTeX Font Info:    No math alphabet change to frozen version normal on input l
ine 74.
LaTeX Font Info:    No math alphabet change to frozen version normal on input l
ine 76.
LaTeX Font Info:    No math alphabet change to frozen version normal on input l
ine 77.
) (sections/methodology.tex
LaTeX Font Info:    Font shape `T1/LinuxLibertineT-TLF/b/sc' will be
(Font)              scaled to size 10.95pt on input line 1.
LaTeX Font Info:    No math alphabet change to frozen version normal on input l
ine 14.
LaTeX Font Info:    No math alphabet change to frozen version normal on input l
ine 15.
LaTeX Font Info:    Undo math alphabet allocation in version normal on input li
ne 19.
LaTeX Font Info:    No math alphabet change to frozen version normal on input l
ine 20.
LaTeX Font Info:    No math alphabet change to frozen version normal on input l
ine 24.
LaTeX Font Info:    Undo math alphabet allocation in version normal on input li
ne 26.
LaTeX Font Info:    No math alphabet change to frozen version normal on input l
ine 29.
LaTeX Font Info:    No math alphabet change to frozen version normal on input l
ine 30.
LaTeX Font Info:    No math alphabet change to frozen version normal on input l
ine 34.
LaTeX Font Info:    Undo math alphabet allocation in version normal on input li
ne 34.
LaTeX Font Info:    Undo math alphabet allocation in version normal on input li
ne 35.
LaTeX Font Info:    No math alphabet change to frozen version normal on input l
ine 36.
LaTeX Font Info:    No math alphabet change to frozen version normal on input l
ine 40.
LaTeX Font Info:    No math alphabet change to frozen version normal on input l
ine 41.
LaTeX Font Info:    No math alphabet change to frozen version normal on input l
ine 41.
LaTeX Font Info:    Undo math alphabet allocation in version normal on input li
ne 41.
LaTeX Font Info:    Undo math alphabet allocation in version normal on input li
ne 42.
LaTeX Font Info:    Undo math alphabet allocation in version normal on input li
ne 43.
LaTeX Font Info:    Undo math alphabet allocation in version normal on input li
ne 43.
LaTeX Font Info:    No math alphabet change to frozen version normal on input l
ine 44.
LaTeX Font Info:    Undo math alphabet allocation in version normal on input li
ne 44.
LaTeX Font Info:    Undo math alphabet allocation in version normal on input li
ne 45.
LaTeX Font Info:    No math alphabet change to frozen version normal on input l
ine 52.
LaTeX Font Info:    No math alphabet change to frozen version normal on input l
ine 52.
LaTeX Font Info:    No math alphabet change to frozen version normal on input l
ine 52.
LaTeX Font Info:    No math alphabet change to frozen version normal on input l
ine 53.
)
(sections/algorithm.tex
LaTeX Font Info:    Nested math: keeping math alphabet allocation in version no
rmal on input line 7.
LaTeX Font Info:    Nested math: keeping math alphabet allocation in version no
rmal on input line 7.
LaTeX Font Info:    No math alphabet change to frozen version normal on input l
ine 7.
LaTeX Font Info:    No math alphabet change to frozen version normal on input l
ine 8.
LaTeX Font Info:    No math alphabet change to frozen version normal on input l
ine 9.
LaTeX Font Info:    No math alphabet change to frozen version normal on input l
ine 10.
LaTeX Font Info:    No math alphabet change to frozen version normal on input l
ine 10.
LaTeX Font Info:    No math alphabet change to frozen version normal on input l
ine 10.
LaTeX Font Info:    No math alphabet change to frozen version normal on input l
ine 11.
LaTeX Font Info:    No math alphabet change to frozen version normal on input l
ine 12.
LaTeX Font Info:    No math alphabet change to frozen version normal on input l
ine 13.
Package hyperref Info: bookmark level for unknown algorithm defaults to 0 on in
put line 19.
LaTeX Font Info:    Font shape `T1/LinuxLibertineT-TLF/m/n' will be
(Font)              scaled to size 6.0pt on input line 22.
LaTeX Font Info:    No math alphabet change to frozen version normal on input l
ine 22.
LaTeX Font Info:    No math alphabet change to frozen version normal on input l
ine 22.
LaTeX Font Info:    No math alphabet change to frozen version normal on input l
ine 22.
LaTeX Font Info:    No math alphabet change to frozen version normal on input l
ine 22.
LaTeX Font Info:    No math alphabet change to frozen version normal on input l
ine 24.
LaTeX Font Info:    No math alphabet change to frozen version normal on input l
ine 25.
LaTeX Font Info:    No math alphabet change to frozen version normal on input l
ine 26.
LaTeX Font Info:    No math alphabet change to frozen version normal on input l
ine 28.
LaTeX Font Info:    No math alphabet change to frozen version normal on input l
ine 28.
LaTeX Font Info:    No math alphabet change to frozen version normal on input l
ine 29.
LaTeX Font Info:    No math alphabet change to frozen version normal on input l
ine 31.
LaTeX Font Info:    No math alphabet change to frozen version normal on input l
ine 31.
LaTeX Font Info:    No math alphabet change to frozen version normal on input l
ine 32.
LaTeX Font Info:    No math alphabet change to frozen version normal on input l
ine 32.
LaTeX Font Info:    No math alphabet change to frozen version normal on input l
ine 33.
LaTeX Font Info:    Nested math: keeping math alphabet allocation in version no
rmal on input line 33.
LaTeX Font Info:    No math alphabet change to frozen version normal on input l
ine 33.
LaTeX Font Info:    Nested math: keeping math alphabet allocation in version no
rmal on input line 33.
LaTeX Font Info:    No math alphabet change to frozen version normal on input l
ine 33.
 [4.4]
LaTeX Font Info:    No math alphabet change to frozen version normal on input l
ine 39.
LaTeX Font Info:    No math alphabet change to frozen version normal on input l
ine 40.
LaTeX Font Info:    No math alphabet change to frozen version normal on input l
ine 44.
LaTeX Font Info:    No math alphabet change to frozen version normal on input l
ine 44.
LaTeX Font Info:    No math alphabet change to frozen version normal on input l
ine 44.
LaTeX Font Info:    No math alphabet change to frozen version normal on input l
ine 45.
) (sections/theory.tex
LaTeX Font Info:    No math alphabet change to frozen version normal on input l
ine 14.
LaTeX Font Info:    Undo math alphabet allocation in version normal on input li
ne 14.
LaTeX Font Info:    No math alphabet change to frozen version normal on input l
ine 15.
LaTeX Font Info:    No math alphabet change to frozen version normal on input l
ine 15.
LaTeX Font Info:    No math alphabet change to frozen version normal on input l
ine 20.
LaTeX Font Info:    No math alphabet change to frozen version normal on input l
ine 20.
LaTeX Font Info:    No math alphabet change to frozen version normal on input l
ine 21.
LaTeX Font Info:    No math alphabet change to frozen version normal on input l
ine 25.
LaTeX Font Info:    No math alphabet change to frozen version normal on input l
ine 29.
LaTeX Font Info:    No math alphabet change to frozen version normal on input l
ine 29.
LaTeX Font Info:    No math alphabet change to frozen version normal on input l
ine 31.
LaTeX Font Info:    No math alphabet change to frozen version normal on input l
ine 32.
LaTeX Font Info:    No math alphabet change to frozen version normal on input l
ine 34.

Overfull \hbox (6.69131pt too wide) in paragraph at lines 29--35
[]\T1/LinuxLibertineT-TLF/b/n/9 (-20) Assumption 4 \T1/LinuxLibertineT-TLF/m/n/
9 (-20) (Mono-tone prop-a-ga-tion model)\T1/LinuxLibertineT-TLF/b/n/9 (-20) . [
]\T1/LinuxLibertineT-TLF/m/n/9 (-20) Com-pro-mise spreads
 []

LaTeX Font Info:    No math alphabet change to frozen version normal on input l
ine 38.
LaTeX Font Info:    No math alphabet change to frozen version normal on input l
ine 43.
LaTeX Font Info:    No math alphabet change to frozen version normal on input l
ine 46.
LaTeX Font Info:    No math alphabet change to frozen version normal on input l
ine 50.
LaTeX Font Info:    No math alphabet change to frozen version normal on input l
ine 50.
LaTeX Font Info:    No math alphabet change to frozen version normal on input l
ine 51.
LaTeX Font Info:    No math alphabet change to frozen version normal on input l
ine 51.
LaTeX Font Info:    No math alphabet change to frozen version normal on input l
ine 51.
LaTeX Font Info:    No math alphabet change to frozen version normal on input l
ine 56.
LaTeX Font Info:    No math alphabet change to frozen version normal on input l
ine 57.
LaTeX Font Info:    No math alphabet change to frozen version normal on input l
ine 58.
LaTeX Font Info:    No math alphabet change to frozen version normal on input l
ine 58.
LaTeX Font Info:    No math alphabet change to frozen version normal on input l
ine 59.
LaTeX Font Info:    No math alphabet change to frozen version normal on input l
ine 62.
LaTeX Font Info:    No math alphabet change to frozen version normal on input l
ine 64.
LaTeX Font Info:    No math alphabet change to frozen version normal on input l
ine 64.
LaTeX Font Info:    No math alphabet change to frozen version normal on input l
ine 65.
LaTeX Font Info:    No math alphabet change to frozen version normal on input l
ine 65.
LaTeX Font Info:    No math alphabet change to frozen version normal on input l
ine 66.
LaTeX Font Info:    No math alphabet change to frozen version normal on input l
ine 66.
LaTeX Font Info:    No math alphabet change to frozen version normal on input l
ine 67.
LaTeX Font Info:    No math alphabet change to frozen version normal on input l
ine 68.
LaTeX Font Info:    No math alphabet change to frozen version normal on input l
ine 69.
LaTeX Font Info:    No math alphabet change to frozen version normal on input l
ine 70.
LaTeX Font Info:    No math alphabet change to frozen version normal on input l
ine 71.
LaTeX Font Info:    No math alphabet change to frozen version normal on input l
ine 76.
LaTeX Font Info:    No math alphabet change to frozen version normal on input l
ine 76.
LaTeX Font Info:    No math alphabet change to frozen version normal on input l
ine 77.
LaTeX Font Info:    No math alphabet change to frozen version normal on input l
ine 77.
LaTeX Font Info:    No math alphabet change to frozen version normal on input l
ine 78.
LaTeX Font Info:    No math alphabet change to frozen version normal on input l
ine 78.
LaTeX Font Info:    No math alphabet change to frozen version normal on input l
ine 78.
LaTeX Font Info:    No math alphabet change to frozen version normal on input l
ine 80.
LaTeX Font Info:    No math alphabet change to frozen version normal on input l
ine 86.
LaTeX Font Info:    No math alphabet change to frozen version normal on input l
ine 87.
LaTeX Font Info:    No math alphabet change to frozen version normal on input l
ine 87.
LaTeX Font Info:    No math alphabet change to frozen version normal on input l
ine 97.
LaTeX Font Info:    Undo math alphabet allocation in version normal on input li
ne 98.
LaTeX Font Info:    No math alphabet change to frozen version normal on input l
ine 100.
LaTeX Font Info:    No math alphabet change to frozen version normal on input l
ine 100.
LaTeX Font Info:    No math alphabet change to frozen version normal on input l
ine 100.
LaTeX Font Info:    No math alphabet change to frozen version normal on input l
ine 105.
LaTeX Font Info:    No math alphabet change to frozen version normal on input l
ine 106.
LaTeX Font Info:    No math alphabet change to frozen version normal on input l
ine 106.
LaTeX Font Info:    No math alphabet change to frozen version normal on input l
ine 107.
LaTeX Font Info:    No math alphabet change to frozen version normal on input l
ine 108.

Overfull \hbox (3.04784pt too wide) in paragraph at lines 105--109
[]\T1/LinuxLibertineT-TLF/m/n/9 (-20) By As-sump-tion []1[] the pred-i-cates ar
e func-
 []

LaTeX Font Info:    Undo math alphabet allocation in version normal on input li
ne 113.
LaTeX Font Info:    No math alphabet change to frozen version normal on input l
ine 113.
LaTeX Font Info:    No math alphabet change to frozen version normal on input l
ine 114.
LaTeX Font Info:    Undo math alphabet allocation in version normal on input li
ne 115.
[5.5]
LaTeX Font Info:    Undo math alphabet allocation in version normal on input li
ne 119.
LaTeX Font Info:    No math alphabet change to frozen version normal on input l
ine 120.
LaTeX Font Info:    No math alphabet change to frozen version normal on input l
ine 121.
LaTeX Font Info:    No math alphabet change to frozen version normal on input l
ine 121.
LaTeX Font Info:    Undo math alphabet allocation in version normal on input li
ne 123.
LaTeX Font Info:    No math alphabet change to frozen version normal on input l
ine 124.
LaTeX Font Info:    Undo math alphabet allocation in version normal on input li
ne 132.
LaTeX Font Info:    Undo math alphabet allocation in version normal on input li
ne 136.
LaTeX Font Info:    No math alphabet change to frozen version normal on input l
ine 144.
LaTeX Font Info:    No math alphabet change to frozen version normal on input l
ine 145.
LaTeX Font Info:    No math alphabet change to frozen version normal on input l
ine 146.
LaTeX Font Info:    No math alphabet change to frozen version normal on input l
ine 146.
LaTeX Font Info:    No math alphabet change to frozen version normal on input l
ine 147.
LaTeX Font Info:    No math alphabet change to frozen version normal on input l
ine 147.
LaTeX Font Info:    No math alphabet change to frozen version normal on input l
ine 148.
LaTeX Font Info:    No math alphabet change to frozen version normal on input l
ine 148.
LaTeX Font Info:    No math alphabet change to frozen version normal on input l
ine 149.
LaTeX Font Info:    No math alphabet change to frozen version normal on input l
ine 149.
LaTeX Font Info:    No math alphabet change to frozen version normal on input l
ine 150.
LaTeX Font Info:    No math alphabet change to frozen version normal on input l
ine 150.
LaTeX Font Info:    No math alphabet change to frozen version normal on input l
ine 150.
LaTeX Font Info:    No math alphabet change to frozen version normal on input l
ine 151.
LaTeX Font Info:    No math alphabet change to frozen version normal on input l
ine 151.
LaTeX Font Info:    No math alphabet change to frozen version normal on input l
ine 151.
LaTeX Font Info:    No math alphabet change to frozen version normal on input l
ine 151.
LaTeX Font Info:    Nested math: keeping math alphabet allocation in version no
rmal on input line 152.
LaTeX Font Info:    Nested math: keeping math alphabet allocation in version no
rmal on input line 152.
LaTeX Font Info:    No math alphabet change to frozen version normal on input l
ine 152.
LaTeX Font Info:    No math alphabet change to frozen version normal on input l
ine 153.
LaTeX Font Info:    No math alphabet change to frozen version normal on input l
ine 153.
LaTeX Font Info:    No math alphabet change to frozen version normal on input l
ine 154.
LaTeX Font Info:    No math alphabet change to frozen version normal on input l
ine 154.
LaTeX Font Info:    No math alphabet change to frozen version normal on input l
ine 154.
LaTeX Font Info:    No math alphabet change to frozen version normal on input l
ine 162.
LaTeX Font Info:    No math alphabet change to frozen version normal on input l
ine 164.
LaTeX Font Info:    No math alphabet change to frozen version normal on input l
ine 165.
LaTeX Font Info:    No math alphabet change to frozen version normal on input l
ine 165.
LaTeX Font Info:    No math alphabet change to frozen version normal on input l
ine 166.
LaTeX Font Info:    No math alphabet change to frozen version normal on input l
ine 167.
LaTeX Font Info:    No math alphabet change to frozen version normal on input l
ine 168.
LaTeX Font Info:    No math alphabet change to frozen version normal on input l
ine 168.
LaTeX Font Info:    No math alphabet change to frozen version normal on input l
ine 168.
LaTeX Font Info:    No math alphabet change to frozen version normal on input l
ine 174.
LaTeX Font Info:    No math alphabet change to frozen version normal on input l
ine 174.
LaTeX Font Info:    No math alphabet change to frozen version normal on input l
ine 174.
LaTeX Font Info:    No math alphabet change to frozen version normal on input l
ine 175.
LaTeX Font Info:    No math alphabet change to frozen version normal on input l
ine 176.
LaTeX Font Info:    No math alphabet change to frozen version normal on input l
ine 176.
LaTeX Font Info:    No math alphabet change to frozen version normal on input l
ine 177.
LaTeX Font Info:    No math alphabet change to frozen version normal on input l
ine 177.
LaTeX Font Info:    No math alphabet change to frozen version normal on input l
ine 178.
LaTeX Font Info:    No math alphabet change to frozen version normal on input l
ine 182.
LaTeX Font Info:    No math alphabet change to frozen version normal on input l
ine 183.
LaTeX Font Info:    No math alphabet change to frozen version normal on input l
ine 183.
LaTeX Font Info:    No math alphabet change to frozen version normal on input l
ine 183.
LaTeX Font Info:    No math alphabet change to frozen version normal on input l
ine 183.
LaTeX Font Info:    No math alphabet change to frozen version normal on input l
ine 184.
LaTeX Font Info:    No math alphabet change to frozen version normal on input l
ine 184.
LaTeX Font Info:    No math alphabet change to frozen version normal on input l
ine 185.
LaTeX Font Info:    No math alphabet change to frozen version normal on input l
ine 185.
LaTeX Font Info:    No math alphabet change to frozen version normal on input l
ine 197.
LaTeX Font Info:    No math alphabet change to frozen version normal on input l
ine 198.
LaTeX Font Info:    No math alphabet change to frozen version normal on input l
ine 198.
LaTeX Font Info:    No math alphabet change to frozen version normal on input l
ine 198.
LaTeX Font Info:    No math alphabet change to frozen version normal on input l
ine 198.
LaTeX Font Info:    No math alphabet change to frozen version normal on input l
ine 199.
LaTeX Font Info:    No math alphabet change to frozen version normal on input l
ine 199.
LaTeX Font Info:    No math alphabet change to frozen version normal on input l
ine 199.
LaTeX Font Info:    No math alphabet change to frozen version normal on input l
ine 205.
LaTeX Font Info:    No math alphabet change to frozen version normal on input l
ine 205.
LaTeX Font Info:    No math alphabet change to frozen version normal on input l
ine 205.
LaTeX Font Info:    No math alphabet change to frozen version normal on input l
ine 206.
LaTeX Font Info:    No math alphabet change to frozen version normal on input l
ine 206.
LaTeX Font Info:    No math alphabet change to frozen version normal on input l
ine 207.
LaTeX Font Info:    No math alphabet change to frozen version normal on input l
ine 207.
LaTeX Font Info:    No math alphabet change to frozen version normal on input l
ine 220.
LaTeX Font Info:    No math alphabet change to frozen version normal on input l
ine 221.
LaTeX Font Info:    No math alphabet change to frozen version normal on input l
ine 221.
LaTeX Font Info:    No math alphabet change to frozen version normal on input l
ine 222.
LaTeX Font Info:    No math alphabet change to frozen version normal on input l
ine 223.
LaTeX Font Info:    No math alphabet change to frozen version normal on input l
ine 223.
LaTeX Font Info:    No math alphabet change to frozen version normal on input l
ine 223.
LaTeX Font Info:    No math alphabet change to frozen version normal on input l
ine 225.
LaTeX Font Info:    No math alphabet change to frozen version normal on input l
ine 226.
LaTeX Font Info:    No math alphabet change to frozen version normal on input l
ine 227.
LaTeX Font Info:    No math alphabet change to frozen version normal on input l
ine 227.
LaTeX Font Info:    No math alphabet change to frozen version normal on input l
ine 232.
LaTeX Font Info:    No math alphabet change to frozen version normal on input l
ine 232.
LaTeX Font Info:    No math alphabet change to frozen version normal on input l
ine 232.
LaTeX Font Info:    No math alphabet change to frozen version normal on input l
ine 232.
LaTeX Font Info:    No math alphabet change to frozen version normal on input l
ine 234.
LaTeX Font Info:    No math alphabet change to frozen version normal on input l
ine 235.
LaTeX Font Info:    No math alphabet change to frozen version normal on input l
ine 235.
LaTeX Font Info:    No math alphabet change to frozen version normal on input l
ine 236.
LaTeX Font Info:    No math alphabet change to frozen version normal on input l
ine 238.
LaTeX Font Info:    No math alphabet change to frozen version normal on input l
ine 239.
LaTeX Font Info:    No math alphabet change to frozen version normal on input l
ine 240.
LaTeX Font Info:    No math alphabet change to frozen version normal on input l
ine 240.
LaTeX Font Info:    No math alphabet change to frozen version normal on input l
ine 240.
LaTeX Font Info:    No math alphabet change to frozen version normal on input l
ine 240.
LaTeX Font Info:    No math alphabet change to frozen version normal on input l
ine 240.
LaTeX Font Info:    No math alphabet change to frozen version normal on input l
ine 241.
LaTeX Font Info:    No math alphabet change to frozen version normal on input l
ine 241.
LaTeX Font Info:    No math alphabet change to frozen version normal on input l
ine 241.
LaTeX Font Info:    No math alphabet change to frozen version normal on input l
ine 242.
 [6.6]
LaTeX Font Info:    No math alphabet change to frozen version normal on input l
ine 247.
LaTeX Font Info:    No math alphabet change to frozen version normal on input l
ine 247.
LaTeX Font Info:    No math alphabet change to frozen version normal on input l
ine 247.
LaTeX Font Info:    No math alphabet change to frozen version normal on input l
ine 248.
LaTeX Font Info:    Nested math: keeping math alphabet allocation in version no
rmal on input line 249.
LaTeX Font Info:    Nested math: keeping math alphabet allocation in version no
rmal on input line 249.
LaTeX Font Info:    No math alphabet change to frozen version normal on input l
ine 249.
LaTeX Font Info:    No math alphabet change to frozen version normal on input l
ine 253.
LaTeX Font Info:    No math alphabet change to frozen version normal on input l
ine 254.
LaTeX Font Info:    No math alphabet change to frozen version normal on input l
ine 254.
LaTeX Font Info:    No math alphabet change to frozen version normal on input l
ine 255.
LaTeX Font Info:    No math alphabet change to frozen version normal on input l
ine 256.
LaTeX Font Info:    No math alphabet change to frozen version normal on input l
ine 256.
LaTeX Font Info:    No math alphabet change to frozen version normal on input l
ine 256.
LaTeX Font Info:    No math alphabet change to frozen version normal on input l
ine 256.
) (figures/pgfplots_placeholder_results.tex
Package pgfplots info on input line 42: Using 'lua backend=false' for axis: x c
oord trafo unsupported.
LaTeX Font Info:    Font shape `OT1/LinuxLibertineT-TLF/m/n' will be
(Font)              scaled to size 6.5pt on input line 51.
LaTeX Font Info:    Font shape `OML/nxlmi/m/it' will be
(Font)              scaled to size 6.5pt on input line 51.
LaTeX Font Info:    Font shape `LMS/ntxsy/m/n' will be
(Font)              scaled to size 6.5pt on input line 51.
LaTeX Font Info:    Font shape `LMX/ntxexx/m/n' will be
(Font)              scaled to size 6.5pt on input line 51.
LaTeX Font Info:    Font shape `U/ntxmia/m/it' will be
(Font)              scaled to size 6.5pt on input line 51.
LaTeX Font Info:    Font shape `U/ntxsym/m/n' will be
(Font)              scaled to size 6.5pt on input line 51.
LaTeX Font Info:    Font shape `U/ntxsyc/m/n' will be
(Font)              scaled to size 6.5pt on input line 51.
LaTeX Font Info:    Font shape `U/ntxexa/m/n' will be
(Font)              scaled to size 6.5pt on input line 51.
LaTeX Font Info:    Font shape `OT1/LinuxLibertineT-TLF/sb/n' will be
(Font)              scaled to size 6.5pt on input line 51.
LaTeX Font Info:    Font shape `OML/nxlmi/b/it' will be
(Font)              scaled to size 6.5pt on input line 51.
LaTeX Font Info:    Font shape `LMS/ntxsy/b/n' will be
(Font)              scaled to size 6.5pt on input line 51.
LaTeX Font Info:    Font shape `LMX/ntxexx/b/n' will be
(Font)              scaled to size 6.5pt on input line 51.
LaTeX Font Info:    No math alphabet change to frozen version normal on input l
ine 51.
LaTeX Font Info:    No math alphabet change to frozen version normal on input l
ine 51.
LaTeX Font Info:    No math alphabet change to frozen version normal on input l
ine 51.
LaTeX Font Info:    No math alphabet change to frozen version normal on input l
ine 51.
LaTeX Font Info:    No math alphabet change to frozen version normal on input l
ine 51.
LaTeX Font Info:    No math alphabet change to frozen version normal on input l
ine 51.
Package pgfplots info on input line 51: Using 'lua backend=false' for axis: x c
oord trafo unsupported.
LaTeX Font Info:    No math alphabet change to frozen version normal on input l
ine 59.
LaTeX Font Info:    No math alphabet change to frozen version normal on input l
ine 59.
LaTeX Font Info:    No math alphabet change to frozen version normal on input l
ine 59.
LaTeX Font Info:    No math alphabet change to frozen version normal on input l
ine 59.
LaTeX Font Info:    No math alphabet change to frozen version normal on input l
ine 59.
LaTeX Font Info:    No math alphabet change to frozen version normal on input l
ine 59.
LaTeX Font Info:    No math alphabet change to frozen version normal on input l
ine 68.
LaTeX Font Info:    No math alphabet change to frozen version normal on input l
ine 68.
LaTeX Font Info:    No math alphabet change to frozen version normal on input l
ine 68.
LaTeX Font Info:    No math alphabet change to frozen version normal on input l
ine 68.
LaTeX Font Info:    No math alphabet change to frozen version normal on input l
ine 68.
LaTeX Font Info:    No math alphabet change to frozen version normal on input l
ine 68.
LaTeX Font Info:    No math alphabet change to frozen version normal on input l
ine 68.
LaTeX Font Info:    No math alphabet change to frozen version normal on input l
ine 68.
LaTeX Font Info:    No math alphabet change to frozen version normal on input l
ine 68.
LaTeX Font Info:    No math alphabet change to frozen version normal on input l
ine 68.
LaTeX Font Info:    No math alphabet change to frozen version normal on input l
ine 68.
LaTeX Font Info:    No math alphabet change to frozen version normal on input l
ine 73.
LaTeX Font Info:    No math alphabet change to frozen version normal on input l
ine 73.
LaTeX Font Info:    No math alphabet change to frozen version normal on input l
ine 73.
LaTeX Font Info:    No math alphabet change to frozen version normal on input l
ine 73.
LaTeX Font Info:    No math alphabet change to frozen version normal on input l
ine 73.
LaTeX Font Info:    No math alphabet change to frozen version normal on input l
ine 73.
LaTeX Font Info:    No math alphabet change to frozen version normal on input l
ine 73.
LaTeX Font Info:    No math alphabet change to frozen version normal on input l
ine 73.
LaTeX Font Info:    No math alphabet change to frozen version normal on input l
ine 73.
LaTeX Font Info:    No math alphabet change to frozen version normal on input l
ine 83.
LaTeX Font Info:    No math alphabet change to frozen version normal on input l
ine 83.
LaTeX Font Info:    No math alphabet change to frozen version normal on input l
ine 83.
LaTeX Font Info:    No math alphabet change to frozen version normal on input l
ine 83.
LaTeX Font Info:    No math alphabet change to frozen version normal on input l
ine 83.
LaTeX Font Info:    No math alphabet change to frozen version normal on input l
ine 83.
LaTeX Font Info:    No math alphabet change to frozen version normal on input l
ine 83.
LaTeX Font Info:    No math alphabet change to frozen version normal on input l
ine 83.
LaTeX Font Info:    No math alphabet change to frozen version normal on input l
ine 83.
LaTeX Font Info:    No math alphabet change to frozen version normal on input l
ine 83.
LaTeX Font Info:    No math alphabet change to frozen version normal on input l
ine 83.
LaTeX Font Info:    No math alphabet change to frozen version normal on input l
ine 83.
LaTeX Font Info:    No math alphabet change to frozen version normal on input l
ine 83.
LaTeX Font Info:    No math alphabet change to frozen version normal on input l
ine 83.
LaTeX Font Info:    No math alphabet change to frozen version normal on input l
ine 83.
LaTeX Font Info:    No math alphabet change to frozen version normal on input l
ine 83.
LaTeX Font Info:    No math alphabet change to frozen version normal on input l
ine 83.
LaTeX Font Info:    No math alphabet change to frozen version normal on input l
ine 83.
LaTeX Font Info:    No math alphabet change to frozen version normal on input l
ine 83.
LaTeX Font Info:    No math alphabet change to frozen version normal on input l
ine 83.
LaTeX Font Info:    No math alphabet change to frozen version normal on input l
ine 83.
LaTeX Font Info:    No math alphabet change to frozen version normal on input l
ine 83.
LaTeX Font Info:    No math alphabet change to frozen version normal on input l
ine 83.
LaTeX Font Info:    No math alphabet change to frozen version normal on input l
ine 83.
LaTeX Font Info:    No math alphabet change to frozen version normal on input l
ine 83.
LaTeX Font Info:    No math alphabet change to frozen version normal on input l
ine 83.
LaTeX Font Info:    No math alphabet change to frozen version normal on input l
ine 83.
LaTeX Font Info:    No math alphabet change to frozen version normal on input l
ine 83.
LaTeX Font Info:    No math alphabet change to frozen version normal on input l
ine 83.
LaTeX Font Info:    No math alphabet change to frozen version normal on input l
ine 83.
)
(sections/experiments.tex
LaTeX Font Info:    No math alphabet change to frozen version normal on input l
ine 7.
LaTeX Font Info:    No math alphabet change to frozen version normal on input l
ine 7.
LaTeX Font Info:    No math alphabet change to frozen version normal on input l
ine 7.
LaTeX Font Info:    No math alphabet change to frozen version normal on input l
ine 11.
LaTeX Font Info:    No math alphabet change to frozen version normal on input l
ine 11.
LaTeX Font Info:    No math alphabet change to frozen version normal on input l
ine 16.
LaTeX Font Info:    No math alphabet change to frozen version normal on input l
ine 18.
LaTeX Font Info:    No math alphabet change to frozen version normal on input l
ine 18.
LaTeX Font Info:    No math alphabet change to frozen version normal on input l
ine 19.
LaTeX Font Info:    No math alphabet change to frozen version normal on input l
ine 20.
LaTeX Font Info:    No math alphabet change to frozen version normal on input l
ine 20.
LaTeX Font Info:    No math alphabet change to frozen version normal on input l
ine 21.
LaTeX Font Info:    No math alphabet change to frozen version normal on input l
ine 21.
LaTeX Font Info:    No math alphabet change to frozen version normal on input l
ine 22.
LaTeX Font Info:    No math alphabet change to frozen version normal on input l
ine 22.
LaTeX Font Info:    No math alphabet change to frozen version normal on input l
ine 22.
LaTeX Font Info:    No math alphabet change to frozen version normal on input l
ine 22.
LaTeX Font Info:    Undo math alphabet allocation in version normal on input li
ne 30.
LaTeX Font Info:    No math alphabet change to frozen version normal on input l
ine 31.
LaTeX Font Info:    Undo math alphabet allocation in version normal on input li
ne 31.
LaTeX Font Info:    No math alphabet change to frozen version normal on input l
ine 32.
LaTeX Font Info:    No math alphabet change to frozen version normal on input l
ine 32.
LaTeX Font Info:    No math alphabet change to frozen version normal on input l
ine 33.
LaTeX Font Info:    No math alphabet change to frozen version normal on input l
ine 33.
LaTeX Font Info:    No math alphabet change to frozen version normal on input l
ine 34.
LaTeX Font Info:    Undo math alphabet allocation in version normal on input li
ne 34.
LaTeX Font Info:    No math alphabet change to frozen version normal on input l
ine 34.
LaTeX Font Info:    No math alphabet change to frozen version normal on input l
ine 36.
LaTeX Font Info:    No math alphabet change to frozen version normal on input l
ine 36.
LaTeX Font Info:    No math alphabet change to frozen version normal on input l
ine 39.
LaTeX Font Info:    No math alphabet change to frozen version normal on input l
ine 50.
LaTeX Font Info:    No math alphabet change to frozen version normal on input l
ine 50.
LaTeX Font Info:    No math alphabet change to frozen version normal on input l
ine 57.
LaTeX Font Info:    No math alphabet change to frozen version normal on input l
ine 65.
LaTeX Font Info:    No math alphabet change to frozen version normal on input l
ine 66.
LaTeX Font Info:    No math alphabet change to frozen version normal on input l
ine 71.
LaTeX Font Info:    No math alphabet change to frozen version normal on input l
ine 72.
LaTeX Font Info:    No math alphabet change to frozen version normal on input l
ine 72.
LaTeX Font Info:    No math alphabet change to frozen version normal on input l
ine 73.
LaTeX Font Info:    No math alphabet change to frozen version normal on input l
ine 73.
LaTeX Font Info:    No math alphabet change to frozen version normal on input l
ine 73.
LaTeX Font Info:    No math alphabet change to frozen version normal on input l
ine 74.
LaTeX Font Info:    No math alphabet change to frozen version normal on input l
ine 83.
LaTeX Font Info:    No math alphabet change to frozen version normal on input l
ine 83.
LaTeX Font Info:    No math alphabet change to frozen version normal on input l
ine 83.
LaTeX Font Info:    No math alphabet change to frozen version normal on input l
ine 97.
LaTeX Font Info:    No math alphabet change to frozen version normal on input l
ine 97.
LaTeX Font Info:    Font shape `T1/LinuxLibertineT-TLF/b/it' will be
(Font)              scaled to size 9.0pt on input line 97.
LaTeX Font Info:    No math alphabet change to frozen version normal on input l
ine 97.
LaTeX Font Info:    No math alphabet change to frozen version normal on input l
ine 97.
LaTeX Font Info:    No math alphabet change to frozen version normal on input l
ine 97.
LaTeX Font Info:    No math alphabet change to frozen version normal on input l
ine 97.
LaTeX Font Info:    No math alphabet change to frozen version normal on input l
ine 97.
LaTeX Font Info:    No math alphabet change to frozen version normal on input l
ine 97.
LaTeX Font Info:    No math alphabet change to frozen version normal on input l
ine 97.
LaTeX Font Info:    No math alphabet change to frozen version normal on input l
ine 97.
LaTeX Font Info:    No math alphabet change to frozen version normal on input l
ine 97.
LaTeX Font Info:    Font shape `T1/zi4/b/n' will be
(Font)              scaled to size 9.0pt on input line 97.
LaTeX Font Info:    No math alphabet change to frozen version normal on input l
ine 97.
LaTeX Font Info:    No math alphabet change to frozen version normal on input l
ine 97.
LaTeX Font Info:    No math alphabet change to frozen version normal on input l
ine 97.
LaTeX Font Info:    No math alphabet change to frozen version normal on input l
ine 97.
LaTeX Font Info:    No math alphabet change to frozen version normal on input l
ine 97.
LaTeX Font Info:    No math alphabet change to frozen version normal on input l
ine 97.
LaTeX Font Info:    No math alphabet change to frozen version normal on input l
ine 97.
LaTeX Font Info:    No math alphabet change to frozen version normal on input l
ine 97.
LaTeX Font Info:    No math alphabet change to frozen version normal on input l
ine 97.
LaTeX Font Info:    No math alphabet change to frozen version normal on input l
ine 97.
LaTeX Font Info:    No math alphabet change to frozen version normal on input l
ine 97.
 (../masgym_overleaf/tables/defense_table.tex
LaTeX Font Info:    Font shape `OT1/LinuxLibertineT-TLF/m/n' will be
(Font)              scaled to size 8.0pt on input line 6.
LaTeX Font Info:    Font shape `OT1/LinuxLibertineT-TLF/m/n' will be
(Font)              scaled to size 6.0pt on input line 6.
LaTeX Font Info:    Font shape `OML/nxlmi/m/it' will be
(Font)              scaled to size 8.0pt on input line 6.
LaTeX Font Info:    Font shape `OML/nxlmi/m/it' will be
(Font)              scaled to size 6.0pt on input line 6.
LaTeX Font Info:    Font shape `LMS/ntxsy/m/n' will be
(Font)              scaled to size 8.0pt on input line 6.
LaTeX Font Info:    Font shape `LMS/ntxsy/m/n' will be
(Font)              scaled to size 6.0pt on input line 6.
LaTeX Font Info:    Font shape `LMX/ntxexx/m/n' will be
(Font)              scaled to size 8.0pt on input line 6.
LaTeX Font Info:    Font shape `LMX/ntxexx/m/n' will be
(Font)              scaled to size 6.0pt on input line 6.
LaTeX Font Info:    Font shape `U/ntxmia/m/it' will be
(Font)              scaled to size 8.0pt on input line 6.
LaTeX Font Info:    Font shape `U/ntxmia/m/it' will be
(Font)              scaled to size 6.0pt on input line 6.
LaTeX Font Info:    Font shape `U/ntxsym/m/n' will be
(Font)              scaled to size 8.0pt on input line 6.
LaTeX Font Info:    Font shape `U/ntxsym/m/n' will be
(Font)              scaled to size 6.0pt on input line 6.
LaTeX Font Info:    Font shape `U/ntxsyc/m/n' will be
(Font)              scaled to size 8.0pt on input line 6.
LaTeX Font Info:    Font shape `U/ntxsyc/m/n' will be
(Font)              scaled to size 6.0pt on input line 6.
LaTeX Font Info:    Font shape `U/ntxexa/m/n' will be
(Font)              scaled to size 8.0pt on input line 6.
LaTeX Font Info:    Font shape `U/ntxexa/m/n' will be
(Font)              scaled to size 6.0pt on input line 6.
LaTeX Font Info:    Font shape `OT1/LinuxLibertineT-TLF/sb/n' will be
(Font)              scaled to size 8.0pt on input line 6.
LaTeX Font Info:    Font shape `OT1/LinuxLibertineT-TLF/sb/n' will be
(Font)              scaled to size 6.0pt on input line 6.
LaTeX Font Info:    Font shape `OML/nxlmi/b/it' will be
(Font)              scaled to size 8.0pt on input line 6.
LaTeX Font Info:    Font shape `OML/nxlmi/b/it' will be
(Font)              scaled to size 6.0pt on input line 6.
LaTeX Font Info:    Font shape `LMS/ntxsy/b/n' will be
(Font)              scaled to size 8.0pt on input line 6.
LaTeX Font Info:    Font shape `LMS/ntxsy/b/n' will be
(Font)              scaled to size 6.0pt on input line 6.
LaTeX Font Info:    Font shape `LMX/ntxexx/b/n' will be
(Font)              scaled to size 8.0pt on input line 6.
LaTeX Font Info:    Font shape `LMX/ntxexx/b/n' will be
(Font)              scaled to size 6.0pt on input line 6.
LaTeX Font Info:    No math alphabet change to frozen version normal on input l
ine 8.
LaTeX Font Info:    No math alphabet change to frozen version normal on input l
ine 12.
LaTeX Font Info:    No math alphabet change to frozen version normal on input l
ine 12.
LaTeX Font Info:    No math alphabet change to frozen version normal on input l
ine 12.
LaTeX Font Info:    No math alphabet change to frozen version normal on input l
ine 14.
LaTeX Font Info:    No math alphabet change to frozen version normal on input l
ine 14.
LaTeX Font Info:    No math alphabet change to frozen version normal on input l
ine 14.
LaTeX Font Info:    No math alphabet change to frozen version normal on input l
ine 14.
LaTeX Font Info:    No math alphabet change to frozen version normal on input l
ine 16.
LaTeX Font Info:    No math alphabet change to frozen version normal on input l
ine 16.
LaTeX Font Info:    No math alphabet change to frozen version normal on input l
ine 16.
LaTeX Font Info:    No math alphabet change to frozen version normal on input l
ine 16.
LaTeX Font Info:    No math alphabet change to frozen version normal on input l
ine 16.
LaTeX Font Info:    No math alphabet change to frozen version normal on input l
ine 18.
LaTeX Font Info:    No math alphabet change to frozen version normal on input l
ine 18.
LaTeX Font Info:    No math alphabet change to frozen version normal on input l
ine 18.
LaTeX Font Info:    No math alphabet change to frozen version normal on input l
ine 18.
LaTeX Font Info:    No math alphabet change to frozen version normal on input l
ine 21.
)
LaTeX Font Info:    No math alphabet change to frozen version normal on input l
ine 103.
LaTeX Font Info:    No math alphabet change to frozen version normal on input l
ine 103.
LaTeX Font Info:    No math alphabet change to frozen version normal on input l
ine 103.
LaTeX Font Info:    No math alphabet change to frozen version normal on input l
ine 103.
LaTeX Font Info:    No math alphabet change to frozen version normal on input l
ine 103.
LaTeX Font Info:    No math alphabet change to frozen version normal on input l
ine 103.
LaTeX Font Info:    No math alphabet change to frozen version normal on input l
ine 104.
LaTeX Font Info:    No math alphabet change to frozen version normal on input l
ine 104.
LaTeX Font Info:    No math alphabet change to frozen version normal on input l
ine 104.
LaTeX Font Info:    No math alphabet change to frozen version normal on input l
ine 104.
LaTeX Font Info:    No math alphabet change to frozen version normal on input l
ine 105.
LaTeX Font Info:    No math alphabet change to frozen version normal on input l
ine 108.
LaTeX Font Info:    No math alphabet change to frozen version normal on input l
ine 109.
LaTeX Font Info:    No math alphabet change to frozen version normal on input l
ine 110.
LaTeX Font Info:    No math alphabet change to frozen version normal on input l
ine 110.
LaTeX Font Info:    No math alphabet change to frozen version normal on input l
ine 111.
LaTeX Font Info:    No math alphabet change to frozen version normal on input l
ine 111.

Underfull \vbox (badness 10000) has occurred while \output is active []

 [7.7]
LaTeX Font Info:    No math alphabet change to frozen version normal on input l
ine 114.
LaTeX Font Info:    No math alphabet change to frozen version normal on input l
ine 114.
LaTeX Font Info:    No math alphabet change to frozen version normal on input l
ine 116.
LaTeX Font Info:    No math alphabet change to frozen version normal on input l
ine 116.
LaTeX Font Info:    No math alphabet change to frozen version normal on input l
ine 117.
LaTeX Font Info:    No math alphabet change to frozen version normal on input l
ine 122.
LaTeX Font Info:    No math alphabet change to frozen version normal on input l
ine 123.
LaTeX Font Info:    No math alphabet change to frozen version normal on input l
ine 123.
LaTeX Font Info:    No math alphabet change to frozen version normal on input l
ine 124.

Underfull \hbox (badness 2735) in paragraph at lines 122--124
\T1/LinuxLibertineT-TLF/m/n/9 (+20) Cost fol-lows the episode bud-get of The-o-
rem []9.9[]: a $\OML/nxlmi/m/it/9 G[]\OT1/LinuxLibertineT-TLF/m/n/9 (+20) 21$\T
1/LinuxLibertineT-TLF/m/n/9 (+20) -
 []

) (sections/discussion.tex
LaTeX Font Info:    No math alphabet change to frozen version normal on input l
ine 6.
) (sections/conclusion.tex
LaTeX Font Info:    No math alphabet change to frozen version normal on input l
ine 7.
LaTeX Font Info:    No math alphabet change to frozen version normal on input l
ine 7.
)
Excluding 'acks' comment. (main.bbl

Package balance Warning: You have called \balance in second column
(balance)                Columns might not be balanced.

[8.8{C:/Users/ASUS/AppData/Roaming/MiKTeX/fonts/enc/dvips/libertine/lbtn_ki75ao
.enc}{C:/Users/ASUS/AppData/Roaming/MiKTeX/fonts/enc/dvips/libertine/lbtn_fygcu
p.enc}]
LaTeX Font Info:    No math alphabet change to frozen version normal on input l
ine 71.
LaTeX Font Info:    No math alphabet change to frozen version normal on input l
ine 95.
LaTeX Font Info:    No math alphabet change to frozen version normal on input l
ine 136.
LaTeX Font Info:    No math alphabet change to frozen version normal on input l
ine 162.
LaTeX Font Info:    No math alphabet change to frozen version normal on input l
ine 187.
LaTeX Font Info:    No math alphabet change to frozen version normal on input l
ine 214.
LaTeX Font Info:    No math alphabet change to frozen version normal on input l
ine 238.
LaTeX Font Info:    No math alphabet change to frozen version normal on input l
ine 268.
LaTeX Font Info:    No math alphabet change to frozen version normal on input l
ine 283.
LaTeX Font Info:    No math alphabet change to frozen version normal on input l
ine 298.

Underfull \vbox (badness 10000) has occurred while \output is active []

LaTeX Font Info:    No math alphabet change to frozen version normal on input l
ine 357.
LaTeX Font Info:    No math alphabet change to frozen version normal on input l
ine 370.
LaTeX Font Info:    No math alphabet change to frozen version normal on input l
ine 393.
LaTeX Font Info:    No math alphabet change to frozen version normal on input l
ine 493.
LaTeX Font Info:    No math alphabet change to frozen version normal on input l
ine 506.
LaTeX Font Info:    No math alphabet change to frozen version normal on input l
ine 518.
LaTeX Font Info:    No math alphabet change to frozen version normal on input l
ine 534.
LaTeX Font Info:    No math alphabet change to frozen version normal on input l
ine 596.
LaTeX Font Info:    No math alphabet change to frozen version normal on input l
ine 611.

Underfull \vbox (badness 10000) has occurred while \output is active []


Overfull \vbox (1.0505pt too high) has occurred while \output is active []


Overfull \vbox (1.71349pt too high) has occurred while \output is active []


[9.9]
LaTeX Font Info:    No math alphabet change to frozen version normal on input l
ine 704.
)

Class aamas Warning: CCS concepts are mandatory for papers over two pages.


Overfull \vbox (1.319pt too high) has occurred while \output is active []


(C:\Users\ASUS\AppData\Roaming\MiKTeX\tex/generic/stringenc\se-pdfdoc.def
File: se-pdfdoc.def 2019/11/29 v1.12 stringenc: PDFDocEncoding
)
(C:\Users\ASUS\AppData\Roaming\MiKTeX\tex/generic/stringenc\se-utf8.def
File: se-utf8.def 2019/11/29 v1.12 stringenc: UTF-8
)
[10.10] (main.aux)
 ***********
LaTeX2e <2026-06-01>
L3 programming layer <2026-09-09>
 ***********


LaTeX Warning: There were undefined references.

Package rerunfilecheck Info: File `main.out' has not changed.
(rerunfilecheck)             Checksum: D09C9F9515888662AB6E09B460AD2BB9;8603.
 )
(\end occurred when \ifx on line 12 was incomplete) 
Here is how much of TeX's memory you used:
 48701 strings out of 467392
 1086155 string characters out of 5415751
 1653269 words of memory out of 5000000
 75950 multiletter control sequences out of 15000+600000
 901382 words of font info for 737 fonts, out of 8000000 for 9000
 1302 hyphenation exceptions out of 8191
 97i,19n,134p,1003b,2778s stack positions out of 10000i,1000n,20000p,200000b,200000s
<C:/Users/ASUS/AppData/Roami
ng/MiKTeX/fonts/type1/public/inconsolata/Inconsolata-zi4b.pfb><C:/Users/ASUS/Ap
pData/Roaming/MiKTeX/fonts/type1/public/inconsolata/Inconsolata-zi4r.pfb><C:/Us
ers/ASUS/AppData/Roaming/MiKTeX/fonts/type1/public/newtx/LibertineMathMI.pfb><C
:/Users/ASUS/AppData/Roaming/MiKTeX/fonts/type1/public/newtx/LibertineMathMI5.p
fb><C:/Users/ASUS/AppData/Roaming/MiKTeX/fonts/type1/public/newtx/LibertineMath
MI7.pfb><C:/Users/ASUS/AppData/Roaming/MiKTeX/fonts/type1/public/newtx/Libertin
eMathRM.pfb><C:/Users/ASUS/AppData/Roaming/MiKTeX/fonts/type1/public/libertine/
LinBiolinumT.pfb><C:/Users/ASUS/AppData/Roaming/MiKTeX/fonts/type1/public/liber
tine/LinBiolinumTB.pfb><C:/Users/ASUS/AppData/Roaming/MiKTeX/fonts/type1/public
/libertine/LinLibertineT.pfb><C:/Users/ASUS/AppData/Roaming/MiKTeX/fonts/type1/
public/libertine/LinLibertineTB.pfb><C:/Users/ASUS/AppData/Roaming/MiKTeX/fonts
/type1/public/libertine/LinLibertineTBI.pfb><C:/Users/ASUS/AppData/Roaming/MiKT
eX/fonts/type1/public/libertine/LinLibertineTI.pfb><C:/Users/ASUS/AppData/Roami
ng/MiKTeX/fonts/type1/public/libertine/LinLibertineTZ.pfb><C:/Users/ASUS/AppDat
a/Roaming/MiKTeX/fonts/type1/public/newtx/NewTXMI.pfb><C:/Users/ASUS/AppData/Ro
aming/MiKTeX/fonts/type1/public/newtx/NewTXMI7.pfb><C:/Users/ASUS/AppData/Roami
ng/MiKTeX/fonts/type1/public/newtx/txexs.pfb><C:/Users/ASUS/AppData/Roaming/MiK
TeX/fonts/type1/public/newtx/txmiaX.pfb><C:/Users/ASUS/AppData/Roaming/MiKTeX/f
onts/type1/public/newtx/txsym.pfb><C:/Users/ASUS/AppData/Roaming/MiKTeX/fonts/t
ype1/public/newtx/txsys.pfb>
Output written on main.pdf (10 pages, 802517 bytes).
PDF statistics:
 767 PDF objects out of 1000 (max. 8388607)
 147 named destinations out of 1000 (max. 500000)
 140730 words of extra memory for PDF output out of 154059 (max. 10000000)

