This is pdfTeX, Version 3.141592653-2.6-1.40.28 (MiKTeX 25.12) (preloaded format=pdflatex 2026.9.11)  26 SEP 2026 11:19
entering extended mode
 restricted \write18 enabled.
 %&-line parsing enabled.
**./main_supplement.tex
(main_supplement.tex
LaTeX2e <2025-11-01>
L3 programming layer <2025-12-24>
(preamble.tex (aamas.cls
Document Class: aamas 2026/06/27 v2.19 Typesetting articles for the Association
 for Computing Machinery
(C:\Users\Lenovo\AppData\Local\Programs\MiKTeX\tex/latex/xkeyval\xkeyval.sty
Package: xkeyval 2022/06/16 v2.9 package option processing (HA)

(C:\Users\Lenovo\AppData\Local\Programs\MiKTeX\tex/generic/xkeyval\xkeyval.tex
(C:\Users\Lenovo\AppData\Local\Programs\MiKTeX\tex/generic/xkeyval\xkvutils.tex
\XKV@toks=\toks17
\XKV@tempa@toks=\toks18
(C:\Users\Lenovo\AppData\Local\Programs\MiKTeX\tex/generic/xkeyval\keyval.tex))
\XKV@depth=\count275
File: xkeyval.tex 2014/12/03 v2.7a key=value parser (HA)
)) (C:\Users\Lenovo\AppData\Local\Programs\MiKTeX\tex/latex/xstring\xstring.sty
(C:\Users\Lenovo\AppData\Local\Programs\MiKTeX\tex/generic/xstring\xstring.tex
\xs_counta=\count276
\xs_countb=\count277
)
Package: xstring 2023/08/22 v1.86 String manipulations (CT)
) (C:\Users\Lenovo\AppData\Local\Programs\MiKTeX\tex/generic/iftex\iftex.sty
Package: iftex 2024/12/12 v1.0g TeX engine tests
)
Package aamas Info: Not using screen mode on input line 79.
Package aamas Info: Using breaking urls on hyphens on input line 87.
Package aamas Info: Requiring acmthm on input line 95.
Package aamas Info: Not using review mode on input line 104.
Package aamas Info: Not using authorversion mode on input line 112.
Package aamas Info: Not using nonacm mode on input line 124.
Package aamas Info: Explicitly selecting natbib mode on input line 140.
Package aamas Info: Not using anonymous mode on input line 148.
Package aamas Info: Not using timestamp mode on input line 156.
Package aamas Info: Not using authordraft mode on input line 166.
Package aamas Info: Using anonymous mode on input line 181.
Class aamas Info: Using format sigconf, number 4 on input line 181.
Class aamas Info: Using fontsize 9pt on input line 287.

(C:\Users\Lenovo\AppData\Local\Programs\MiKTeX\tex/latex/amscls\amsart.cls
Document Class: amsart 2020/05/29 v2.20.6
\linespacing=\dimen148
\normalparindent=\dimen149
\normaltopskip=\skip49
(C:\Users\Lenovo\AppData\Local\Programs\MiKTeX\tex/latex/amsmath\amsmath.sty
Package: amsmath 2025/07/09 v2.17z AMS math features
\@mathmargin=\skip50

For additional information on amsmath, use the `?' option.
(C:\Users\Lenovo\AppData\Local\Programs\MiKTeX\tex/latex/amsmath\amstext.sty
Package: amstext 2024/11/17 v2.01 AMS text

(C:\Users\Lenovo\AppData\Local\Programs\MiKTeX\tex/latex/amsmath\amsgen.sty
File: amsgen.sty 1999/11/30 v2.0 generic functions
\@emptytoks=\toks19
\ex@=\dimen150
))
(C:\Users\Lenovo\AppData\Local\Programs\MiKTeX\tex/latex/amsmath\amsbsy.sty
Package: amsbsy 1999/11/29 v1.2d Bold Symbols
\pmbraise@=\dimen151
)
(C:\Users\Lenovo\AppData\Local\Programs\MiKTeX\tex/latex/amsmath\amsopn.sty
Package: amsopn 2022/04/08 v2.04 operator names
)
\inf@bad=\count278
LaTeX Info: Redefining \frac on input line 233.
\uproot@=\count279
\leftroot@=\count280
LaTeX Info: Redefining \overline on input line 398.
LaTeX Info: Redefining \colon on input line 409.
\classnum@=\count281
\DOTSCASE@=\count282
LaTeX Info: Redefining \ldots on input line 495.
LaTeX Info: Redefining \dots on input line 498.
LaTeX Info: Redefining \cdots on input line 619.
\Mathstrutbox@=\box53
\strutbox@=\box54
LaTeX Info: Redefining \big on input line 721.
LaTeX Info: Redefining \Big on input line 722.
LaTeX Info: Redefining \bigg on input line 723.
LaTeX Info: Redefining \Bigg on input line 724.
\big@size=\dimen152
LaTeX Font Info:    Redeclaring font encoding OML on input line 742.
LaTeX Font Info:    Redeclaring font encoding OMS on input line 743.
\macc@depth=\count283
LaTeX Info: Redefining \bmod on input line 904.
LaTeX Info: Redefining \pmod on input line 909.
LaTeX Info: Redefining \smash on input line 939.
LaTeX Info: Redefining \relbar on input line 969.
LaTeX Info: Redefining \Relbar on input line 970.
\c@MaxMatrixCols=\count284
\dotsspace@=\muskip17
\c@parentequation=\count285
\dspbrk@lvl=\count286
\tag@help=\toks20
\row@=\count287
\column@=\count288
\maxfields@=\count289
\andhelp@=\toks21
\eqnshift@=\dimen153
\alignsep@=\dimen154
\tagshift@=\dimen155
\tagwidth@=\dimen156
\totwidth@=\dimen157
\lineht@=\dimen158
\@envbody=\toks22
\multlinegap=\skip51
\multlinetaggap=\skip52
\mathdisplay@stack=\toks23
LaTeX Info: Redefining \[ on input line 2950.
LaTeX Info: Redefining \] on input line 2951.
)
LaTeX Font Info:    Trying to load font information for U+msa on input line 397
.

(C:\Users\Lenovo\AppData\Local\Programs\MiKTeX\tex/latex/amsfonts\umsa.fd
File: umsa.fd 2013/01/14 v3.01 AMS symbols A
)
(C:\Users\Lenovo\AppData\Local\Programs\MiKTeX\tex/latex/amsfonts\amsfonts.sty
Package: amsfonts 2013/01/14 v3.01 Basic AMSFonts support
\symAMSa=\mathgroup4
\symAMSb=\mathgroup5
LaTeX Font Info:    Redeclaring math symbol \hbar on input line 98.
LaTeX Font Info:    Overwriting math alphabet `\mathfrak' in version `bold'
(Font)                  U/euf/m/n --> U/euf/b/n on input line 106.
)
\copyins=\insert252
\abstractbox=\box55
\listisep=\skip53
\c@part=\count290
\c@section=\count291
\c@subsection=\count292
\c@subsubsection=\count293
\c@paragraph=\count294
\c@subparagraph=\count295
\c@figure=\count296
\c@table=\count297
\abovecaptionskip=\skip54
\belowcaptionskip=\skip55
\captionindent=\dimen159
\thm@style=\toks24
\thm@bodyfont=\toks25
\thm@headfont=\toks26
\thm@notefont=\toks27
\thm@headpunct=\toks28
\thm@preskip=\skip56
\thm@postskip=\skip57
\thm@headsep=\skip58
\dth@everypar=\toks29
)
LaTeX Info: Redefining \markboth on input line 289.

(C:\Users\Lenovo\AppData\Local\Programs\MiKTeX\tex/latex/microtype\microtype.st
y
Package: microtype 2026/03/01 v3.2d Micro-typographical refinements (RS)

(C:\Users\Lenovo\AppData\Local\Programs\MiKTeX\tex/latex/etoolbox\etoolbox.sty
Package: etoolbox 2025/10/02 v2.5m e-TeX tools for LaTeX (JAW)
\etb@tempcnta=\count298
)
\MT@toks=\toks30
\MT@tempbox=\box56
\MT@count=\count299
LaTeX Info: Redefining \noprotrusionifhmode on input line 1084.
LaTeX Info: Redefining \leftprotrusion on input line 1085.
\MT@prot@toks=\toks31
LaTeX Info: Redefining \rightprotrusion on input line 1104.
LaTeX Info: Redefining \textls on input line 1449.
\MT@outer@kern=\dimen160
LaTeX Info: Redefining \microtypecontext on input line 2053.
LaTeX Info: Redefining \textmicrotypecontext on input line 2070.
\MT@listname@count=\count300

(C:\Users\Lenovo\AppData\Local\Programs\MiKTeX\tex/latex/microtype\microtype-pd
ftex.def
File: microtype-pdftex.def 2026/03/01 v3.2d Definitions specific to pdftex (RS)

LaTeX Info: Redefining \lsstyle on input line 944.
LaTeX Info: Redefining \lslig on input line 944.
\MT@outer@space=\skip59
)
Package microtype Info: Loading configuration file microtype.cfg.

(C:\Users\Lenovo\AppData\Local\Programs\MiKTeX\tex/latex/microtype\microtype.cf
g
File: microtype.cfg 2026/03/01 v3.2d microtype main configuration file (RS)
)
LaTeX Info: Redefining \microtypesetup on input line 3065.
)
(C:\Users\Lenovo\AppData\Local\Programs\MiKTeX\tex/latex/booktabs\booktabs.sty
Package: booktabs 2020/01/12 v1.61803398 Publication quality tables
\heavyrulewidth=\dimen161
\lightrulewidth=\dimen162
\cmidrulewidth=\dimen163
\belowrulesep=\dimen164
\belowbottomsep=\dimen165
\aboverulesep=\dimen166
\abovetopsep=\dimen167
\cmidrulesep=\dimen168
\cmidrulekern=\dimen169
\defaultaddspace=\dimen170
\@cmidla=\count301
\@cmidlb=\count302
\@aboverulesep=\dimen171
\@belowrulesep=\dimen172
\@thisruleclass=\count303
\@lastruleclass=\count304
\@thisrulewidth=\dimen173
) (C:\Users\Lenovo\AppData\Local\Programs\MiKTeX\tex/latex/refcount\refcount.st
y
Package: refcount 2019/12/15 v3.6 Data extraction from label references (HO)
(C:\Users\Lenovo\AppData\Local\Programs\MiKTeX\tex/generic/ltxcmds\ltxcmds.sty
Package: ltxcmds 2023-12-04 v1.26 LaTeX kernel commands for general use (HO)
)
(C:\Users\Lenovo\AppData\Local\Programs\MiKTeX\tex/generic/infwarerr\infwarerr.
sty
Package: infwarerr 2019/12/03 v1.5 Providing info/warning/error messages (HO)
))
(C:\Users\Lenovo\AppData\Local\Programs\MiKTeX\tex/latex/totpages\totpages.sty
Package: totpages 2005/09/19 v2.00 Totpages Package (muewi)

(C:\Users\Lenovo\AppData\Local\Programs\MiKTeX\tex/latex/everyshi\everyshi.sty
Package: everyshi 2020/11/18 v4.00 EveryShipout Package
)) (C:\Users\Lenovo\AppData\Local\Programs\MiKTeX\tex/latex/environ\environ.sty
Package: environ 2014/05/04 v0.3 A new way to define environments

(C:\Users\Lenovo\AppData\Local\Programs\MiKTeX\tex/latex/trimspaces\trimspaces.
sty
Package: trimspaces 2009/09/17 v1.1 Trim spaces around a token list
))
\@ACM@acmcp@delta=\dimen174

(C:\Users\Lenovo\AppData\Local\Programs\MiKTeX\tex/latex/natbib\natbib.sty
Package: natbib 2010/09/13 8.31b (PWD, AO)
\bibhang=\skip60
\bibsep=\skip61
LaTeX Info: Redefining \cite on input line 694.
\c@NAT@ctr=\count305
)
(C:\Users\Lenovo\AppData\Local\Programs\MiKTeX\tex/latex/hyperref\hyperref.sty
Package: hyperref 2025-07-12 v7.01o Hypertext links for LaTeX

(C:\Users\Lenovo\AppData\Local\Programs\MiKTeX\tex/latex/kvsetkeys\kvsetkeys.st
y
Package: kvsetkeys 2022-10-05 v1.19 Key value parser (HO)
)
(C:\Users\Lenovo\AppData\Local\Programs\MiKTeX\tex/generic/kvdefinekeys\kvdefin
ekeys.sty
Package: kvdefinekeys 2019-12-19 v1.6 Define keys (HO)
)
(C:\Users\Lenovo\AppData\Local\Programs\MiKTeX\tex/generic/pdfescape\pdfescape.
sty
Package: pdfescape 2019/12/09 v1.15 Implements pdfTeX's escape features (HO)

(C:\Users\Lenovo\AppData\Local\Programs\MiKTeX\tex/generic/pdftexcmds\pdftexcmd
s.sty
Package: pdftexcmds 2020-06-27 v0.33 Utility functions of pdfTeX for LuaTeX (HO
)
Package pdftexcmds Info: \pdf@primitive is available.
Package pdftexcmds Info: \pdf@ifprimitive is available.
Package pdftexcmds Info: \pdfdraftmode found.
))
(C:\Users\Lenovo\AppData\Local\Programs\MiKTeX\tex/latex/hycolor\hycolor.sty
Package: hycolor 2020-01-27 v1.10 Color options for hyperref/bookmark (HO)
)
(C:\Users\Lenovo\AppData\Local\Programs\MiKTeX\tex/latex/hyperref\nameref.sty
Package: nameref 2025-06-21 v2.57 Cross-referencing by name of section

(C:\Users\Lenovo\AppData\Local\Programs\MiKTeX\tex/generic/gettitlestring\getti
tlestring.sty
Package: gettitlestring 2019/12/15 v1.6 Cleanup title references (HO)

(C:\Users\Lenovo\AppData\Local\Programs\MiKTeX\tex/latex/kvoptions\kvoptions.st
y
Package: kvoptions 2022-06-15 v3.15 Key value format for package options (HO)
))
\c@section@level=\count306
)
(C:\Users\Lenovo\AppData\Local\Programs\MiKTeX\tex/generic/stringenc\stringenc.
sty
Package: stringenc 2019/11/29 v1.12 Convert strings between diff. encodings (HO
)
)
\@linkdim=\dimen175
\Hy@linkcounter=\count307
\Hy@pagecounter=\count308

(C:\Users\Lenovo\AppData\Local\Programs\MiKTeX\tex/latex/hyperref\pd1enc.def
File: pd1enc.def 2025-07-12 v7.01o Hyperref: PDFDocEncoding definition (HO)
Now handling font encoding PD1 ...
... no UTF-8 mapping file for font encoding PD1
)
(C:\Users\Lenovo\AppData\Local\Programs\MiKTeX\tex/generic/intcalc\intcalc.sty
Package: intcalc 2019/12/15 v1.3 Expandable calculations with integers (HO)
)
\Hy@SavedSpaceFactor=\count309
(C:\Users\Lenovo\AppData\Local\Programs\MiKTeX\tex/latex/hyperref\puenc.def
File: puenc.def 2025-07-12 v7.01o Hyperref: PDF Unicode definition (HO)
Now handling font encoding PU ...
... no UTF-8 mapping file for font encoding PU
)
Package hyperref Info: Option `bookmarksnumbered' set `true' on input line 4066
.
Package hyperref Info: Option `unicode' set `true' on input line 4066.
Package hyperref Info: Hyper figures OFF on input line 4195.
Package hyperref Info: Link nesting OFF on input line 4200.
Package hyperref Info: Hyper index ON on input line 4203.
Package hyperref Info: Plain pages OFF on input line 4210.
Package hyperref Info: Backreferencing OFF on input line 4215.
Package hyperref Info: Implicit mode ON; LaTeX internals redefined.
Package hyperref Info: Bookmarks ON on input line 4462.
\c@Hy@tempcnt=\count310

(C:\Users\Lenovo\AppData\Local\Programs\MiKTeX\tex/latex/url\url.sty
\Urlmuskip=\muskip18
Package: url 2013/09/16  ver 3.4  Verb mode for urls, etc.
)
LaTeX Info: Redefining \url on input line 4801.
\XeTeXLinkMargin=\dimen176

(C:\Users\Lenovo\AppData\Local\Programs\MiKTeX\tex/generic/bitset\bitset.sty
Package: bitset 2019/12/09 v1.3 Handle bit-vector datatype (HO)

(C:\Users\Lenovo\AppData\Local\Programs\MiKTeX\tex/generic/bigintcalc\bigintcal
c.sty
Package: bigintcalc 2019/12/15 v1.5 Expandable calculations on big integers (HO
)
))
\Fld@menulength=\count311
\Field@Width=\dimen177
\Fld@charsize=\dimen178
Package hyperref Info: Hyper figures OFF on input line 6078.
Package hyperref Info: Link nesting OFF on input line 6083.
Package hyperref Info: Hyper index ON on input line 6086.
Package hyperref Info: backreferencing OFF on input line 6093.
Package hyperref Info: Link coloring OFF on input line 6098.
Package hyperref Info: Link coloring with OCG OFF on input line 6103.
Package hyperref Info: PDF/A mode OFF on input line 6108.
\Hy@abspage=\count312
\c@Item=\count313
\c@Hfootnote=\count314
)
Package hyperref Info: Driver (autodetected): hpdftex.

(C:\Users\Lenovo\AppData\Local\Programs\MiKTeX\tex/latex/hyperref\hpdftex.def
File: hpdftex.def 2025-07-12 v7.01o Hyperref driver for pdfTeX
\Fld@listcount=\count315
\c@bookmark@seq@number=\count316

(C:\Users\Lenovo\AppData\Local\Programs\MiKTeX\tex/latex/rerunfilecheck\rerunfi
lecheck.sty
Package: rerunfilecheck 2025-06-21 v1.11 Rerun checks for auxiliary files (HO)

(C:\Users\Lenovo\AppData\Local\Programs\MiKTeX\tex/generic/uniquecounter\unique
counter.sty
Package: uniquecounter 2019/12/15 v1.4 Provide unlimited unique counter (HO)
)
Package uniquecounter Info: New unique counter `rerunfilecheck' on input line 2
84.
)
\Hy@SectionHShift=\skip62
)
(C:\Users\Lenovo\AppData\Local\Programs\MiKTeX\tex/latex/hyperxmp\hyperxmp.sty
Package: hyperxmp 2024/03/17 v5.13 Store hyperref metadata in XMP format
\hyxmp@aep@toks=\toks32

(C:\Users\Lenovo\AppData\Local\Programs\MiKTeX\tex/latex/ifmtarg\ifmtarg.sty
Package: ifmtarg 2018/04/16 v1.2b check for an empty argument
)
(C:\Users\Lenovo\AppData\Local\Programs\MiKTeX\tex/latex/base\ifthen.sty
Package: ifthen 2024/03/16 v1.1e Standard LaTeX ifthen package (DPC)
)
\@hyxmp@count=\count317

(C:\Users\Lenovo\AppData\Local\Programs\MiKTeX\tex/latex/oberdiek\ifdraft.sty
Package: ifdraft 2016/05/16 v1.4 Detect class options draft and final (HO)
)
(C:\Users\Lenovo\AppData\Local\Programs\MiKTeX\tex/generic/iftex\ifluatex.sty
Package: ifluatex 2019/10/25 v1.5 ifluatex legacy package. Use iftex instead.
)) (C:\Users\Lenovo\AppData\Local\Programs\MiKTeX\tex/latex/graphics\graphicx.s
ty
Package: graphicx 2024/12/31 v1.2e Enhanced LaTeX Graphics (DPC,SPQR)
(C:\Users\Lenovo\AppData\Local\Programs\MiKTeX\tex/latex/graphics\graphics.sty
Package: graphics 2024/08/06 v1.4g Standard LaTeX Graphics (DPC,SPQR)

(C:\Users\Lenovo\AppData\Local\Programs\MiKTeX\tex/latex/graphics\trig.sty
Package: trig 2023/12/02 v1.11 sin cos tan (DPC)
)
(C:\Users\Lenovo\AppData\Local\Programs\MiKTeX\tex/latex/graphics-cfg\graphics.
cfg
File: graphics.cfg 2016/06/04 v1.11 sample graphics configuration
)
Package graphics Info: Driver file: pdftex.def on input line 106.

(C:\Users\Lenovo\AppData\Local\Programs\MiKTeX\tex/latex/graphics-def\pdftex.de
f
File: pdftex.def 2025/09/29 v1.2d Graphics/color driver for pdftex
))
\Gin@req@height=\dimen179
\Gin@req@width=\dimen180
) (C:\Users\Lenovo\AppData\Local\Programs\MiKTeX\tex/latex/xcolor\xcolor.sty
Package: xcolor 2024/09/29 v3.02 LaTeX color extensions (UK)

(C:\Users\Lenovo\AppData\Local\Programs\MiKTeX\tex/latex/graphics-cfg\color.cfg
File: color.cfg 2016/01/02 v1.6 sample color configuration
)
Package xcolor Info: Driver file: pdftex.def on input line 274.

(C:\Users\Lenovo\AppData\Local\Programs\MiKTeX\tex/latex/graphics\mathcolor.ltx
)
Package xcolor Info: Model `cmy' substituted by `cmy0' on input line 1349.
Package xcolor Info: Model `hsb' substituted by `rgb' on input line 1353.
Package xcolor Info: Model `RGB' extended on input line 1365.
Package xcolor Info: Model `HTML' substituted by `rgb' on input line 1367.
Package xcolor Info: Model `Hsb' substituted by `hsb' on input line 1368.
Package xcolor Info: Model `tHsb' substituted by `hsb' on input line 1369.
Package xcolor Info: Model `HSB' substituted by `hsb' on input line 1370.
Package xcolor Info: Model `Gray' substituted by `gray' on input line 1371.
Package xcolor Info: Model `wave' substituted by `hsb' on input line 1372.
)
(C:\Users\Lenovo\AppData\Local\Programs\MiKTeX\tex/latex/geometry\geometry.sty
Package: geometry 2026/03/07 v6.0 Page Geometry

(C:\Users\Lenovo\AppData\Local\Programs\MiKTeX\tex/generic/iftex\ifvtex.sty
Package: ifvtex 2019/10/25 v1.7 ifvtex legacy package. Use iftex instead.
)
\Gm@cnth=\count318
\Gm@cntv=\count319
\c@Gm@tempcnt=\count320
\Gm@bindingoffset=\dimen181
\Gm@wd@mp=\dimen182
\Gm@odd@mp=\dimen183
\Gm@even@mp=\dimen184
\Gm@layoutwidth=\dimen185
\Gm@layoutheight=\dimen186
\Gm@layouthoffset=\dimen187
\Gm@layoutvoffset=\dimen188
\Gm@dimlist=\toks33

(C:\Users\Lenovo\AppData\Local\Programs\MiKTeX\tex/latex/geometry\geometry.cfg)
)
(C:\Users\Lenovo\AppData\Local\Programs\MiKTeX\tex/latex/ncctools\manyfoot.sty
Package: manyfoot 2019/08/03 v1.11 Many Footnote Levels Package (NCC)

(C:\Users\Lenovo\AppData\Local\Programs\MiKTeX\tex/latex/ncctools\nccfoots.sty
Package: nccfoots 2005/02/03 v1.2 NCC Footnotes Package (NCC)
)
\MFL@columnwidth=\dimen189
)
\footinsauthorsaddresses=\insert251
\c@footnoteauthorsaddresses=\count321
\footinscopyrightpermission=\insert250
\c@footnotecopyrightpermission=\count322

(C:\Users\Lenovo\AppData\Local\Programs\MiKTeX\tex/generic/pdftex\glyphtounicod
e.tex) (C:\Users\Lenovo\AppData\Local\Programs\MiKTeX\tex/latex/cmap\cmap.sty
Package: cmap 2021/02/06 v1.0j CMap support: searchable PDF
)
(C:\Users\Lenovo\AppData\Local\Programs\MiKTeX\tex/latex/base\fontenc.sty
Package: fontenc 2025/07/18 v2.1d Standard LaTeX package
<<t1.cmap>>)
(C:\Users\Lenovo\AppData\Local\Programs\MiKTeX\tex/latex/libertine\libertine.st
y
Package: libertine 2024/04/23 (Bob Tennent) Supports Libertine and Biolinum fon
ts for all LaTeX engines.
 (C:\Users\Lenovo\AppData\Local\Programs\MiKTeX\tex/generic/iftex\ifxetex.sty
Package: ifxetex 2019/10/25 v0.7 ifxetex legacy package. Use iftex instead.
) (C:\Users\Lenovo\AppData\Local\Programs\MiKTeX\tex/latex/base\textcomp.sty
Package: textcomp 2024/04/24 v2.1b Standard LaTeX package
)
(C:\Users\Lenovo\AppData\Local\Programs\MiKTeX\tex/latex/base\fontenc.sty
Package: fontenc 2025/07/18 v2.1d Standard LaTeX package
)
(C:\Users\Lenovo\AppData\Local\Programs\MiKTeX\tex/latex/fontaxes\fontaxes.sty
Package: fontaxes 2026-01-02 v2.0.2 Font selection axes (deprecated)
Applying: [2024-11-01] Use figureversions if present on input line 74.

(C:\Users\Lenovo\AppData\Local\Programs\MiKTeX\tex/latex/figureversions\figurev
ersions.sty
Package: figureversions 2025-04-29 v1.0.1 Figure versions
)
Already applied: [0000-00-00] Fall back to v1 on input line 76.
)
LaTeX Info: Redefining \oldstylenums on input line 485.

(C:\Users\Lenovo\AppData\Local\Programs\MiKTeX\tex/latex/libertine\LinLibertine
_I.tex))
(C:\Users\Lenovo\AppData\Local\Programs\MiKTeX\tex/latex/inconsolata\zi4.sty
Package: zi4 2019/05/17 v1.12

`inconsolata-zi4' v1.12, 2019/05/17 Text macros for Inconsolata (msharpe)
\zifour@ocount=\count323
)
(C:\Users\Lenovo\AppData\Local\Programs\MiKTeX\tex/latex/newtx\newtxmath.sty
Package: newtxmath 2024/09/22 v1.754

`newtxmath' v1.754, 2024/09/22 Math macros based originally on txfonts (msharpe
)
(C:\Users\Lenovo\AppData\Local\Programs\MiKTeX\tex/latex/oberdiek\centernot.sty
Package: centernot 2016/05/16 v1.4 Centers the not symbol horizontally (HO)
)
\tx@cntz=\count324
 (C:\Users\Lenovo\AppData\Local\Programs\MiKTeX\tex/generic/binhex\binhex.tex)
\tx@Isdigit=\count325
\tx@IsAlNum=\count326
\tx@tA=\toks34
\tx@tB=\toks35
\tx@su=\read2
amsthm NOT loaded
LaTeX Font Info:    Redeclaring symbol font `operators' on input line 402.
LaTeX Font Info:    Overwriting symbol font `operators' in version `normal'
(Font)                  OT1/cmr/m/n --> OT1/LinuxLibertineT-TLF/m/n on input li
ne 402.
LaTeX Font Info:    Overwriting symbol font `operators' in version `bold'
(Font)                  OT1/cmr/bx/n --> OT1/LinuxLibertineT-TLF/m/n on input l
ine 402.
LaTeX Font Info:    Overwriting symbol font `operators' in version `bold'
(Font)                  OT1/LinuxLibertineT-TLF/m/n --> OT1/LinuxLibertineT-TLF
/sb/n on input line 403.
LaTeX Font Info:    Redeclaring math alphabet \mathsf on input line 410.
LaTeX Font Info:    Overwriting math alphabet `\mathsf' in version `normal'
(Font)                  OT1/cmss/m/n --> OT1/LinuxBiolinumT-TLF/m/n on input li
ne 410.
LaTeX Font Info:    Overwriting math alphabet `\mathsf' in version `bold'
(Font)                  OT1/cmss/bx/n --> OT1/LinuxBiolinumT-TLF/m/n on input l
ine 410.
LaTeX Font Info:    Overwriting math alphabet `\mathsf' in version `bold'
(Font)                  OT1/LinuxBiolinumT-TLF/m/n --> OT1/LinuxBiolinumT-TLF/b
/n on input line 412.
LaTeX Font Info:    Redeclaring math alphabet \mathit on input line 419.
LaTeX Font Info:    Overwriting math alphabet `\mathit' in version `normal'
(Font)                  OT1/cmr/m/it --> OT1/LinuxLibertineT-TLF/m/it on input 
line 419.
LaTeX Font Info:    Overwriting math alphabet `\mathit' in version `bold'
(Font)                  OT1/cmr/bx/it --> OT1/LinuxLibertineT-TLF/m/it on input
 line 419.
LaTeX Font Info:    Redeclaring math alphabet \mathtt on input line 420.
LaTeX Font Info:    Overwriting math alphabet `\mathtt' in version `normal'
(Font)                  OT1/cmtt/m/n --> T1/zi4/m/n on input line 420.
LaTeX Font Info:    Overwriting math alphabet `\mathtt' in version `bold'
(Font)                  OT1/cmtt/m/n --> T1/zi4/m/n on input line 420.
LaTeX Font Info:    Redeclaring math alphabet \mathbf on input line 422.
LaTeX Font Info:    Overwriting math alphabet `\mathbf' in version `normal'
(Font)                  OT1/cmr/bx/n --> OT1/LinuxLibertineT-TLF/sb/n on input 
line 422.
LaTeX Font Info:    Overwriting math alphabet `\mathbf' in version `bold'
(Font)                  OT1/cmr/bx/n --> OT1/LinuxLibertineT-TLF/sb/n on input 
line 422.
LaTeX Font Info:    Overwriting math alphabet `\mathit' in version `bold'
(Font)                  OT1/LinuxLibertineT-TLF/m/it --> OT1/LinuxLibertineT-TL
F/sb/it on input line 423.
LaTeX Font Info:    Overwriting math alphabet `\mathtt' in version `bold'
(Font)                  T1/zi4/m/n --> T1/zi4/b/n on input line 426.
LaTeX Font Info:    Redeclaring symbol font `letters' on input line 444.
LaTeX Font Info:    Overwriting symbol font `letters' in version `normal'
(Font)                  OML/cmm/m/it --> OML/nxlmi/m/it on input line 444.
LaTeX Font Info:    Overwriting symbol font `letters' in version `bold'
(Font)                  OML/cmm/b/it --> OML/nxlmi/m/it on input line 444.
LaTeX Font Info:    Overwriting symbol font `letters' in version `bold'
(Font)                  OML/nxlmi/m/it --> OML/nxlmi/b/it on input line 445.
\symlettersA=\mathgroup6
LaTeX Font Info:    Overwriting symbol font `lettersA' in version `bold'
(Font)                  U/ntxmia/m/it --> U/ntxmia/b/it on input line 582.
LaTeX Font Info:    Redeclaring math alphabet \mathfrak on input line 584.
Now handling font encoding LMS ...
... no UTF-8 mapping file for font encoding LMS
LaTeX Font Info:    Redeclaring symbol font `symbols' on input line 604.
LaTeX Font Info:    Encoding `OMS' has changed to `LMS' for symbol font
(Font)              `symbols' in the math version `normal' on input line 604.
LaTeX Font Info:    Overwriting symbol font `symbols' in version `normal'
(Font)                  OMS/cmsy/m/n --> LMS/ntxsy/m/n on input line 604.
LaTeX Font Info:    Encoding `OMS' has changed to `LMS' for symbol font
(Font)              `symbols' in the math version `bold' on input line 604.
LaTeX Font Info:    Overwriting symbol font `symbols' in version `bold'
(Font)                  OMS/cmsy/b/n --> LMS/ntxsy/m/n on input line 604.
LaTeX Font Info:    Overwriting symbol font `symbols' in version `bold'
(Font)                  LMS/ntxsy/m/n --> LMS/ntxsy/b/n on input line 605.
\symAMSm=\mathgroup7
LaTeX Font Info:    Overwriting symbol font `AMSm' in version `bold'
(Font)                  U/ntxsym/m/n --> U/ntxsym/b/n on input line 630.
\symsymbolsC=\mathgroup8
LaTeX Font Info:    Overwriting symbol font `symbolsC' in version `bold'
(Font)                  U/ntxsyc/m/n --> U/ntxsyc/b/n on input line 651.
Now handling font encoding LMX ...
... no UTF-8 mapping file for font encoding LMX
LaTeX Font Info:    Redeclaring symbol font `largesymbols' on input line 664.
LaTeX Font Info:    Encoding `OMX' has changed to `LMX' for symbol font
(Font)              `largesymbols' in the math version `normal' on input line 6
64.
LaTeX Font Info:    Overwriting symbol font `largesymbols' in version `normal'
(Font)                  OMX/cmex/m/n --> LMX/ntxexx/m/n on input line 664.
LaTeX Font Info:    Encoding `OMX' has changed to `LMX' for symbol font
(Font)              `largesymbols' in the math version `bold' on input line 664
.
LaTeX Font Info:    Overwriting symbol font `largesymbols' in version `bold'
(Font)                  OMX/cmex/m/n --> LMX/ntxexx/m/n on input line 664.
LaTeX Font Info:    Overwriting symbol font `largesymbols' in version `bold'
(Font)                  LMX/ntxexx/m/n --> LMX/ntxexx/b/n on input line 665.
\symlargesymbolsTXA=\mathgroup9
LaTeX Font Info:    Overwriting symbol font `largesymbolsTXA' in version `bold'

(Font)                  U/ntxexa/m/n --> U/ntxexa/b/n on input line 679.
\tx@sbptoks=\toks36
LaTeX Font Info:    Redeclaring math delimiter \lfloor on input line 902.
LaTeX Font Info:    Redeclaring math delimiter \rfloor on input line 903.
LaTeX Font Info:    Redeclaring math delimiter \lceil on input line 904.
LaTeX Font Info:    Redeclaring math delimiter \rceil on input line 905.
LaTeX Font Info:    Redeclaring math delimiter \lbrace on input line 910.
LaTeX Font Info:    Redeclaring math delimiter \rbrace on input line 911.
LaTeX Font Info:    Redeclaring math delimiter \langle on input line 913.
LaTeX Font Info:    Redeclaring math delimiter \rangle on input line 915.
LaTeX Font Info:    Redeclaring math delimiter \arrowvert on input line 919.
LaTeX Font Info:    Redeclaring math delimiter \vert on input line 920.
LaTeX Font Info:    Redeclaring math accent \dot on input line 991.
LaTeX Font Info:    Redeclaring math accent \ddot on input line 992.
LaTeX Font Info:    Redeclaring math accent \vec on input line 2057.
LaTeX Info: Redefining \Bbbk on input line 2847.
LaTeX Info: Redefining \not on input line 2995.
LaTeX Info: Redefining \textsquare on input line 3025.
LaTeX Info: Redefining \openbox on input line 3027.
) (C:\Users\Lenovo\AppData\Local\Programs\MiKTeX\tex/latex/psnfss\pifont.sty
Package: pifont 2020/03/25 PSNFSS-v9.3 Pi font support (SPQR) 
LaTeX Font Info:    Trying to load font information for U+pzd on input line 63.


(C:\Users\Lenovo\AppData\Local\Programs\MiKTeX\tex/latex/psnfss\upzd.fd
File: upzd.fd 2001/06/04 font definitions for U/pzd.
)
LaTeX Font Info:    Trying to load font information for U+psy on input line 64.


(C:\Users\Lenovo\AppData\Local\Programs\MiKTeX\tex/latex/psnfss\upsy.fd
File: upsy.fd 2001/06/04 font definitions for U/psy.
))
(C:\Users\Lenovo\AppData\Local\Programs\MiKTeX\tex/latex/caption\caption.sty
Package: caption 2023/08/05 v3.6o Customizing captions (AR)

(C:\Users\Lenovo\AppData\Local\Programs\MiKTeX\tex/latex/caption\caption3.sty
Package: caption3 2023/07/31 v2.4d caption3 kernel (AR)
\caption@tempdima=\dimen190
\captionmargin=\dimen191
\caption@leftmargin=\dimen192
\caption@rightmargin=\dimen193
\caption@width=\dimen194
\caption@indent=\dimen195
\caption@parindent=\dimen196
\caption@hangindent=\dimen197
Package caption Info: AMS or SMF document class detected.

(C:\Users\Lenovo\AppData\Local\Programs\MiKTeX\tex/latex/caption\caption-ams-sm
f.sto
File: caption-ams-smf.sto 2020/08/22 v2.0 Adaption of the caption package to th
e AMS and SMF document classes (AR)
))
\c@caption@flags=\count327
\c@continuedfloat=\count328
Package caption Info: hyperref package is loaded.
)
(C:\Users\Lenovo\AppData\Local\Programs\MiKTeX\tex/latex/float\float.sty
Package: float 2001/11/08 v1.3d Float enhancements (AL)
\c@float@type=\count329
\float@exts=\toks37
\float@box=\box57
\@float@everytoks=\toks38
\@floatcapt=\box58
)
\@float@every@sidebar=\toks39
\c@sidebar=\count330
\fulltextwidth=\dimen198
\@ACM@labelwidth=\dimen199
\listisep=\skip63
\num@authorgroups=\count331
\num@authors=\count332
\@ACM@badge@width=\skip64
\@ACM@title@width=\skip65
\@ACM@badge@skip=\skip66
Class aamas Info: Printing CCS on input line 1826.
Class aamas Info: Printing bibformat on input line 1826.
Class aamas Info: Suppressing folios on input line 1833.
Class aamas Info: Setting authorsperrow to 0 on input line 1836.

(C:\Users\Lenovo\AppData\Local\Programs\MiKTeX\tex/latex/comment\comment.sty
\CommentStream=\write3

Excluding comment 'comment') Excluding comment 'CCSXML'
\c@@concepts=\count333
\mktitle@bx=\box59
\@ACM@acmcpbox=\box60
\@ACM@commabox=\box61
\author@bx=\box62
\author@bx@wd=\dimen256
\author@bx@sep=\skip67

(C:\Users\Lenovo\AppData\Local\Programs\MiKTeX\tex/latex/fancyhdr\fancyhdr.sty
Package: fancyhdr 2025/02/07 v5.2 Extensive control of page headers and footers

\f@nch@headwidth=\skip68
\f@nch@offset@elh=\skip69
\f@nch@offset@erh=\skip70
\f@nch@offset@olh=\skip71
\f@nch@offset@orh=\skip72
\f@nch@offset@elf=\skip73
\f@nch@offset@erf=\skip74
\f@nch@offset@olf=\skip75
\f@nch@offset@orf=\skip76
\f@nch@height=\skip77
\f@nch@footalignment=\skip78
\f@nch@widthL=\skip79
\f@nch@widthC=\skip80
\f@nch@widthR=\skip81
\@temptokenb=\toks40
) Special comment 'acks'
LaTeX Font Info:    Trying to load font information for T1+LinuxLibertineT-TLF 
on input line 3639.

(C:\Users\Lenovo\AppData\Local\Programs\MiKTeX\tex/latex/libertine\t1linuxliber
tinet-tlf.fd
File: T1LinuxLibertineT-TLF.fd 2017/03/20 (autoinst) Font definitions for T1/Li
nuxLibertineT-TLF.
)
LaTeX Font Info:    Font shape `T1/LinuxLibertineT-TLF/m/n' will be
(Font)              scaled to size 9.0pt on input line 3639.
)
(C:\Users\Lenovo\AppData\Local\Programs\MiKTeX\tex/latex/base\inputenc.sty
Package: inputenc 2024/02/08 v1.3d Input encoding file
\inpenc@prehook=\toks41
\inpenc@posthook=\toks42
)
(C:\Users\Lenovo\AppData\Local\Programs\MiKTeX\tex/latex/base\fontenc.sty
Package: fontenc 2025/07/18 v2.1d Standard LaTeX package
)
(C:\Users\Lenovo\AppData\Local\Programs\MiKTeX\tex/latex/preprint\balance.sty
Package: balance 1999/02/23 4.3 (PWD)
\oldvsize=\dimen257
)
(C:\Users\Lenovo\AppData\Local\Programs\MiKTeX\tex/latex/mathtools\mathtools.st
y
Package: mathtools 2024/10/04 v1.31 mathematical typesetting tools
 (C:\Users\Lenovo\AppData\Local\Programs\MiKTeX\tex/latex/tools\calc.sty
Package: calc 2025/03/01 v4.3b Infix arithmetic (KKT,FJ)
\calc@Acount=\count334
\calc@Bcount=\count335
\calc@Adimen=\dimen258
\calc@Bdimen=\dimen259
\calc@Askip=\skip82
\calc@Bskip=\skip83
LaTeX Info: Redefining \setlength on input line 86.
LaTeX Info: Redefining \addtolength on input line 87.
\calc@Ccount=\count336
\calc@Cskip=\skip84
)
(C:\Users\Lenovo\AppData\Local\Programs\MiKTeX\tex/latex/mathtools\mhsetup.sty
Package: mhsetup 2021/03/18 v1.4 programming setup (MH)
)
\g_MT_multlinerow_int=\count337
\l_MT_multwidth_dim=\dimen260
\origjot=\skip85
\l_MT_shortvdotswithinadjustabove_dim=\dimen261
\l_MT_shortvdotswithinadjustbelow_dim=\dimen262
\l_MT_above_intertext_sep=\dimen263
\l_MT_below_intertext_sep=\dimen264
\l_MT_above_shortintertext_sep=\dimen265
\l_MT_below_shortintertext_sep=\dimen266
\xmathstrut@box=\box63
\xmathstrut@dim=\dimen267
) (C:\Users\Lenovo\AppData\Local\Programs\MiKTeX\tex/latex/tools\bm.sty
Package: bm 2025/10/21 v1.2g Bold Symbol Support (DPC/FMi)
\symboldoperators=\mathgroup10
\symboldletters=\mathgroup11
\symboldsymbols=\mathgroup12
\symboldlargesymbols=\mathgroup13
Package bm Info: No bold for \U/msa/m/n, using \pmb.
Package bm Info: No bold for \U/msb/m/n, using \pmb.
LaTeX Font Info:    Redeclaring math alphabet \mathbf on input line 149.
)
(C:\Users\Lenovo\AppData\Local\Programs\MiKTeX\tex/latex/tools\xspace.sty
Package: xspace 2014/10/28 v1.13 Space after command names (DPC,MH)
)
(C:\Users\Lenovo\AppData\Local\Programs\MiKTeX\tex/latex/enumitem\enumitem.sty
Package: enumitem 2025/02/06 v3.11 Customized lists
\enitkv@toks@=\toks43
\labelindent=\skip86
\enit@outerparindent=\dimen268
\enit@toks=\toks44
\enit@inbox=\box64
\enit@count@id=\count338
\enitdp@description=\count339
) (C:\Users\Lenovo\AppData\Local\Programs\MiKTeX\tex/latex/multirow\multirow.st
y
Package: multirow 2024/11/12 v2.9 Span multiple rows of a table
\multirow@colwidth=\skip87
\multirow@cntb=\count340
\multirow@dima=\skip88
\bigstrutjot=\dimen269
) (C:\Users\Lenovo\AppData\Local\Programs\MiKTeX\tex/latex/tools\array.sty
Package: array 2025/09/25 v2.6n Tabular extension package (FMi)
\col@sep=\dimen270
\ar@mcellbox=\box65
\extrarowheight=\dimen271
\NC@list=\toks45
\extratabsurround=\skip89
\backup@length=\skip90
\ar@cellbox=\box66
)
(C:\Users\Lenovo\AppData\Local\Programs\MiKTeX\tex/latex/pgf/frontendlayer\tikz
.sty
(C:\Users\Lenovo\AppData\Local\Programs\MiKTeX\tex/latex/pgf/basiclayer\pgf.sty

(C:\Users\Lenovo\AppData\Local\Programs\MiKTeX\tex/latex/pgf/utilities\pgfrcs.s
ty
(C:\Users\Lenovo\AppData\Local\Programs\MiKTeX\tex/generic/pgf/utilities\pgfuti
l-common.tex
\pgfutil@everybye=\toks46
\pgfutil@tempdima=\dimen272
\pgfutil@tempdimb=\dimen273
)
(C:\Users\Lenovo\AppData\Local\Programs\MiKTeX\tex/generic/pgf/utilities\pgfuti
l-latex.def
\pgfutil@abb=\box67
)
(C:\Users\Lenovo\AppData\Local\Programs\MiKTeX\tex/generic/pgf/utilities\pgfrcs
.code.tex
(C:\Users\Lenovo\AppData\Local\Programs\MiKTeX\tex/generic/pgf\pgf.revision.tex
)
Package: pgfrcs 2025-08-29 v3.1.11a (3.1.11a)
))
Package: pgf 2025-08-29 v3.1.11a (3.1.11a)

(C:\Users\Lenovo\AppData\Local\Programs\MiKTeX\tex/latex/pgf/basiclayer\pgfcore
.sty
(C:\Users\Lenovo\AppData\Local\Programs\MiKTeX\tex/latex/pgf/systemlayer\pgfsys
.sty
(C:\Users\Lenovo\AppData\Local\Programs\MiKTeX\tex/generic/pgf/systemlayer\pgfs
ys.code.tex
Package: pgfsys 2025-08-29 v3.1.11a (3.1.11a)

(C:\Users\Lenovo\AppData\Local\Programs\MiKTeX\tex/generic/pgf/utilities\pgfkey
s.code.tex
\pgfkeys@pathtoks=\toks47
\pgfkeys@temptoks=\toks48

(C:\Users\Lenovo\AppData\Local\Programs\MiKTeX\tex/generic/pgf/utilities\pgfkey
slibraryfiltered.code.tex
\pgfkeys@tmptoks=\toks49
))
\pgf@x=\dimen274
\pgf@y=\dimen275
\pgf@xa=\dimen276
\pgf@ya=\dimen277
\pgf@xb=\dimen278
\pgf@yb=\dimen279
\pgf@xc=\dimen280
\pgf@yc=\dimen281
\pgf@xd=\dimen282
\pgf@yd=\dimen283
\w@pgf@writea=\write4
\r@pgf@reada=\read3
\c@pgf@counta=\count341
\c@pgf@countb=\count342
\c@pgf@countc=\count343
\c@pgf@countd=\count344
\t@pgf@toka=\toks50
\t@pgf@tokb=\toks51
\t@pgf@tokc=\toks52
\pgf@sys@id@count=\count345

(C:\Users\Lenovo\AppData\Local\Programs\MiKTeX\tex/generic/pgf/systemlayer\pgf.
cfg
File: pgf.cfg 2025-08-29 v3.1.11a (3.1.11a)
)
Driver file for pgf: pgfsys-pdftex.def

(C:\Users\Lenovo\AppData\Local\Programs\MiKTeX\tex/generic/pgf/systemlayer\pgfs
ys-pdftex.def
File: pgfsys-pdftex.def 2025-08-29 v3.1.11a (3.1.11a)

(C:\Users\Lenovo\AppData\Local\Programs\MiKTeX\tex/generic/pgf/systemlayer\pgfs
ys-common-pdf.def
File: pgfsys-common-pdf.def 2025-08-29 v3.1.11a (3.1.11a)
)))
(C:\Users\Lenovo\AppData\Local\Programs\MiKTeX\tex/generic/pgf/systemlayer\pgfs
yssoftpath.code.tex
File: pgfsyssoftpath.code.tex 2025-08-29 v3.1.11a (3.1.11a)
\pgfsyssoftpath@smallbuffer@items=\count346
\pgfsyssoftpath@bigbuffer@items=\count347
)
(C:\Users\Lenovo\AppData\Local\Programs\MiKTeX\tex/generic/pgf/systemlayer\pgfs
ysprotocol.code.tex
File: pgfsysprotocol.code.tex 2025-08-29 v3.1.11a (3.1.11a)
))
(C:\Users\Lenovo\AppData\Local\Programs\MiKTeX\tex/generic/pgf/basiclayer\pgfco
re.code.tex
Package: pgfcore 2025-08-29 v3.1.11a (3.1.11a)

(C:\Users\Lenovo\AppData\Local\Programs\MiKTeX\tex/generic/pgf/math\pgfmath.cod
e.tex
(C:\Users\Lenovo\AppData\Local\Programs\MiKTeX\tex/generic/pgf/math\pgfmathutil
.code.tex)
(C:\Users\Lenovo\AppData\Local\Programs\MiKTeX\tex/generic/pgf/math\pgfmathpars
er.code.tex
\pgfmath@dimen=\dimen284
\pgfmath@count=\count348
\pgfmath@box=\box68
\pgfmath@toks=\toks53
\pgfmath@stack@operand=\toks54
\pgfmath@stack@operation=\toks55
)
(C:\Users\Lenovo\AppData\Local\Programs\MiKTeX\tex/generic/pgf/math\pgfmathfunc
tions.code.tex)
(C:\Users\Lenovo\AppData\Local\Programs\MiKTeX\tex/generic/pgf/math\pgfmathfunc
tions.basic.code.tex)
(C:\Users\Lenovo\AppData\Local\Programs\MiKTeX\tex/generic/pgf/math\pgfmathfunc
tions.trigonometric.code.tex)
(C:\Users\Lenovo\AppData\Local\Programs\MiKTeX\tex/generic/pgf/math\pgfmathfunc
tions.random.code.tex)
(C:\Users\Lenovo\AppData\Local\Programs\MiKTeX\tex/generic/pgf/math\pgfmathfunc
tions.comparison.code.tex)
(C:\Users\Lenovo\AppData\Local\Programs\MiKTeX\tex/generic/pgf/math\pgfmathfunc
tions.base.code.tex)
(C:\Users\Lenovo\AppData\Local\Programs\MiKTeX\tex/generic/pgf/math\pgfmathfunc
tions.round.code.tex)
(C:\Users\Lenovo\AppData\Local\Programs\MiKTeX\tex/generic/pgf/math\pgfmathfunc
tions.misc.code.tex)
(C:\Users\Lenovo\AppData\Local\Programs\MiKTeX\tex/generic/pgf/math\pgfmathfunc
tions.integerarithmetics.code.tex)
(C:\Users\Lenovo\AppData\Local\Programs\MiKTeX\tex/generic/pgf/math\pgfmathcalc
.code.tex)
(C:\Users\Lenovo\AppData\Local\Programs\MiKTeX\tex/generic/pgf/math\pgfmathfloa
t.code.tex
\c@pgfmathroundto@lastzeros=\count349
))
(C:\Users\Lenovo\AppData\Local\Programs\MiKTeX\tex/generic/pgf/math\pgfint.code
.tex)
(C:\Users\Lenovo\AppData\Local\Programs\MiKTeX\tex/generic/pgf/basiclayer\pgfco
repoints.code.tex
File: pgfcorepoints.code.tex 2025-08-29 v3.1.11a (3.1.11a)
\pgf@picminx=\dimen285
\pgf@picmaxx=\dimen286
\pgf@picminy=\dimen287
\pgf@picmaxy=\dimen288
\pgf@pathminx=\dimen289
\pgf@pathmaxx=\dimen290
\pgf@pathminy=\dimen291
\pgf@pathmaxy=\dimen292
\pgf@xx=\dimen293
\pgf@xy=\dimen294
\pgf@yx=\dimen295
\pgf@yy=\dimen296
\pgf@zx=\dimen297
\pgf@zy=\dimen298
)
(C:\Users\Lenovo\AppData\Local\Programs\MiKTeX\tex/generic/pgf/basiclayer\pgfco
repathconstruct.code.tex
File: pgfcorepathconstruct.code.tex 2025-08-29 v3.1.11a (3.1.11a)
\pgf@path@lastx=\dimen299
\pgf@path@lasty=\dimen300
)
(C:\Users\Lenovo\AppData\Local\Programs\MiKTeX\tex/generic/pgf/basiclayer\pgfco
repathusage.code.tex
File: pgfcorepathusage.code.tex 2025-08-29 v3.1.11a (3.1.11a)
\pgf@shorten@end@additional=\dimen301
\pgf@shorten@start@additional=\dimen302
)
(C:\Users\Lenovo\AppData\Local\Programs\MiKTeX\tex/generic/pgf/basiclayer\pgfco
rescopes.code.tex
File: pgfcorescopes.code.tex 2025-08-29 v3.1.11a (3.1.11a)
\pgfpic=\box69
\pgf@hbox=\box70
\pgf@layerbox@main=\box71
\pgf@picture@serial@count=\count350
)
(C:\Users\Lenovo\AppData\Local\Programs\MiKTeX\tex/generic/pgf/basiclayer\pgfco
regraphicstate.code.tex
File: pgfcoregraphicstate.code.tex 2025-08-29 v3.1.11a (3.1.11a)
\pgflinewidth=\dimen303
)
(C:\Users\Lenovo\AppData\Local\Programs\MiKTeX\tex/generic/pgf/basiclayer\pgfco
retransformations.code.tex
File: pgfcoretransformations.code.tex 2025-08-29 v3.1.11a (3.1.11a)
\pgf@pt@x=\dimen304
\pgf@pt@y=\dimen305
\pgf@pt@temp=\dimen306
)
(C:\Users\Lenovo\AppData\Local\Programs\MiKTeX\tex/generic/pgf/basiclayer\pgfco
requick.code.tex
File: pgfcorequick.code.tex 2025-08-29 v3.1.11a (3.1.11a)
)
(C:\Users\Lenovo\AppData\Local\Programs\MiKTeX\tex/generic/pgf/basiclayer\pgfco
reobjects.code.tex
File: pgfcoreobjects.code.tex 2025-08-29 v3.1.11a (3.1.11a)
)
(C:\Users\Lenovo\AppData\Local\Programs\MiKTeX\tex/generic/pgf/basiclayer\pgfco
repathprocessing.code.tex
File: pgfcorepathprocessing.code.tex 2025-08-29 v3.1.11a (3.1.11a)
)
(C:\Users\Lenovo\AppData\Local\Programs\MiKTeX\tex/generic/pgf/basiclayer\pgfco
rearrows.code.tex
File: pgfcorearrows.code.tex 2025-08-29 v3.1.11a (3.1.11a)
\pgfarrowsep=\dimen307
)
(C:\Users\Lenovo\AppData\Local\Programs\MiKTeX\tex/generic/pgf/basiclayer\pgfco
reshade.code.tex
File: pgfcoreshade.code.tex 2025-08-29 v3.1.11a (3.1.11a)
\pgf@max=\dimen308
\pgf@sys@shading@range@num=\count351
\pgf@shadingcount=\count352
)
(C:\Users\Lenovo\AppData\Local\Programs\MiKTeX\tex/generic/pgf/basiclayer\pgfco
reimage.code.tex
File: pgfcoreimage.code.tex 2025-08-29 v3.1.11a (3.1.11a)
)
(C:\Users\Lenovo\AppData\Local\Programs\MiKTeX\tex/generic/pgf/basiclayer\pgfco
reexternal.code.tex
File: pgfcoreexternal.code.tex 2025-08-29 v3.1.11a (3.1.11a)
\pgfexternal@startupbox=\box72
)
(C:\Users\Lenovo\AppData\Local\Programs\MiKTeX\tex/generic/pgf/basiclayer\pgfco
relayers.code.tex
File: pgfcorelayers.code.tex 2025-08-29 v3.1.11a (3.1.11a)
)
(C:\Users\Lenovo\AppData\Local\Programs\MiKTeX\tex/generic/pgf/basiclayer\pgfco
retransparency.code.tex
File: pgfcoretransparency.code.tex 2025-08-29 v3.1.11a (3.1.11a)
)
(C:\Users\Lenovo\AppData\Local\Programs\MiKTeX\tex/generic/pgf/basiclayer\pgfco
repatterns.code.tex
File: pgfcorepatterns.code.tex 2025-08-29 v3.1.11a (3.1.11a)
)
(C:\Users\Lenovo\AppData\Local\Programs\MiKTeX\tex/generic/pgf/basiclayer\pgfco
rerdf.code.tex
File: pgfcorerdf.code.tex 2025-08-29 v3.1.11a (3.1.11a)
)))
(C:\Users\Lenovo\AppData\Local\Programs\MiKTeX\tex/generic/pgf/modules\pgfmodul
eshapes.code.tex
File: pgfmoduleshapes.code.tex 2025-08-29 v3.1.11a (3.1.11a)
\pgfnodeparttextbox=\box73
)
(C:\Users\Lenovo\AppData\Local\Programs\MiKTeX\tex/generic/pgf/modules\pgfmodul
eplot.code.tex
File: pgfmoduleplot.code.tex 2025-08-29 v3.1.11a (3.1.11a)
)
(C:\Users\Lenovo\AppData\Local\Programs\MiKTeX\tex/latex/pgf/compatibility\pgfc
omp-version-0-65.sty
Package: pgfcomp-version-0-65 2025-08-29 v3.1.11a (3.1.11a)
\pgf@nodesepstart=\dimen309
\pgf@nodesepend=\dimen310
)
(C:\Users\Lenovo\AppData\Local\Programs\MiKTeX\tex/latex/pgf/compatibility\pgfc
omp-version-1-18.sty
Package: pgfcomp-version-1-18 2025-08-29 v3.1.11a (3.1.11a)
))
(C:\Users\Lenovo\AppData\Local\Programs\MiKTeX\tex/latex/pgf/utilities\pgffor.s
ty
(C:\Users\Lenovo\AppData\Local\Programs\MiKTeX\tex/latex/pgf/utilities\pgfkeys.
sty
(C:\Users\Lenovo\AppData\Local\Programs\MiKTeX\tex/generic/pgf/utilities\pgfkey
s.code.tex))
(C:\Users\Lenovo\AppData\Local\Programs\MiKTeX\tex/latex/pgf/math\pgfmath.sty
(C:\Users\Lenovo\AppData\Local\Programs\MiKTeX\tex/generic/pgf/math\pgfmath.cod
e.tex))
(C:\Users\Lenovo\AppData\Local\Programs\MiKTeX\tex/generic/pgf/utilities\pgffor
.code.tex
Package: pgffor 2025-08-29 v3.1.11a (3.1.11a)
\pgffor@iter=\dimen311
\pgffor@skip=\dimen312
\pgffor@stack=\toks56
\pgffor@toks=\toks57
))
(C:\Users\Lenovo\AppData\Local\Programs\MiKTeX\tex/generic/pgf/frontendlayer/ti
kz\tikz.code.tex
Package: tikz 2025-08-29 v3.1.11a (3.1.11a)

(C:\Users\Lenovo\AppData\Local\Programs\MiKTeX\tex/generic/pgf/libraries\pgflib
raryplothandlers.code.tex
File: pgflibraryplothandlers.code.tex 2025-08-29 v3.1.11a (3.1.11a)
\pgf@plot@mark@count=\count353
\pgfplotmarksize=\dimen313
)
\tikz@lastx=\dimen314
\tikz@lasty=\dimen315
\tikz@lastxsaved=\dimen316
\tikz@lastysaved=\dimen317
\tikz@lastmovetox=\dimen318
\tikz@lastmovetoy=\dimen319
\tikzleveldistance=\dimen320
\tikzsiblingdistance=\dimen321
\tikz@figbox=\box74
\tikz@figbox@bg=\box75
\tikz@tempbox=\box76
\tikz@tempbox@bg=\box77
\tikztreelevel=\count354
\tikznumberofchildren=\count355
\tikznumberofcurrentchild=\count356
\tikz@fig@count=\count357

(C:\Users\Lenovo\AppData\Local\Programs\MiKTeX\tex/generic/pgf/modules\pgfmodul
ematrix.code.tex
File: pgfmodulematrix.code.tex 2025-08-29 v3.1.11a (3.1.11a)
\pgfmatrixcurrentrow=\count358
\pgfmatrixcurrentcolumn=\count359
\pgf@matrix@numberofcolumns=\count360
)
\tikz@expandcount=\count361

(C:\Users\Lenovo\AppData\Local\Programs\MiKTeX\tex/generic/pgf/frontendlayer/ti
kz/libraries\tikzlibrarytopaths.code.tex
File: tikzlibrarytopaths.code.tex 2025-08-29 v3.1.11a (3.1.11a)
)))
(C:\Users\Lenovo\AppData\Local\Programs\MiKTeX\tex/generic/pgf/libraries\pgflib
raryarrows.meta.code.tex
File: pgflibraryarrows.meta.code.tex 2025-08-29 v3.1.11a (3.1.11a)
\pgfarrowinset=\dimen322
\pgfarrowlength=\dimen323
\pgfarrowwidth=\dimen324
\pgfarrowlinewidth=\dimen325
)
(C:\Users\Lenovo\AppData\Local\Programs\MiKTeX\tex/generic/pgf/frontendlayer/ti
kz/libraries\tikzlibrarypositioning.code.tex
File: tikzlibrarypositioning.code.tex 2025-08-29 v3.1.11a (3.1.11a)
)
(C:\Users\Lenovo\AppData\Local\Programs\MiKTeX\tex/generic/pgf/frontendlayer/ti
kz/libraries\tikzlibrarycalc.code.tex
File: tikzlibrarycalc.code.tex 2025-08-29 v3.1.11a (3.1.11a)
)
(C:\Users\Lenovo\AppData\Local\Programs\MiKTeX\tex/generic/pgf/frontendlayer/ti
kz/libraries\tikzlibraryfit.code.tex
File: tikzlibraryfit.code.tex 2025-08-29 v3.1.11a (3.1.11a)
)
(C:\Users\Lenovo\AppData\Local\Programs\MiKTeX\tex/generic/pgf/frontendlayer/ti
kz/libraries\tikzlibrarybackgrounds.code.tex
File: tikzlibrarybackgrounds.code.tex 2025-08-29 v3.1.11a (3.1.11a)
\pgf@layerbox@background=\box78
\pgf@layerboxsaved@background=\box79
)
(C:\Users\Lenovo\AppData\Local\Programs\MiKTeX\tex/generic/pgf/frontendlayer/ti
kz/libraries\tikzlibraryshapes.geometric.code.tex
File: tikzlibraryshapes.geometric.code.tex 2025-08-29 v3.1.11a (3.1.11a)

(C:\Users\Lenovo\AppData\Local\Programs\MiKTeX\tex/generic/pgf/libraries/shapes
\pgflibraryshapes.geometric.code.tex
File: pgflibraryshapes.geometric.code.tex 2025-08-29 v3.1.11a (3.1.11a)
))
(C:\Users\Lenovo\AppData\Local\Programs\MiKTeX\tex/generic/pgf/frontendlayer/ti
kz/libraries\tikzlibraryshapes.symbols.code.tex
File: tikzlibraryshapes.symbols.code.tex 2025-08-29 v3.1.11a (3.1.11a)

(C:\Users\Lenovo\AppData\Local\Programs\MiKTeX\tex/generic/pgf/libraries/shapes
\pgflibraryshapes.symbols.code.tex
File: pgflibraryshapes.symbols.code.tex 2025-08-29 v3.1.11a (3.1.11a)
))
(C:\Users\Lenovo\AppData\Local\Programs\MiKTeX\tex/generic/pgf/frontendlayer/ti
kz/libraries\tikzlibrarydecorations.pathreplacing.code.tex
(C:\Users\Lenovo\AppData\Local\Programs\MiKTeX\tex/generic/pgf/frontendlayer/ti
kz/libraries\tikzlibrarydecorations.code.tex
(C:\Users\Lenovo\AppData\Local\Programs\MiKTeX\tex/generic/pgf/modules\pgfmodul
edecorations.code.tex
\pgfdecoratedcompleteddistance=\dimen326
\pgfdecoratedremainingdistance=\dimen327
\pgfdecoratedinputsegmentcompleteddistance=\dimen328
\pgfdecoratedinputsegmentremainingdistance=\dimen329
\pgf@decorate@distancetomove=\dimen330
\pgf@decorate@repeatstate=\count362
\pgfdecorationsegmentamplitude=\dimen331
\pgfdecorationsegmentlength=\dimen332
)
\tikz@lib@dec@box=\box80
)
(C:\Users\Lenovo\AppData\Local\Programs\MiKTeX\tex/generic/pgf/libraries/decora
tions\pgflibrarydecorations.pathreplacing.code.tex))
(C:\Users\Lenovo\AppData\Local\Programs\MiKTeX\tex/generic/pgf/frontendlayer/ti
kz/libraries\tikzlibrarypatterns.code.tex
File: tikzlibrarypatterns.code.tex 2025-08-29 v3.1.11a (3.1.11a)

(C:\Users\Lenovo\AppData\Local\Programs\MiKTeX\tex/generic/pgf/libraries\pgflib
rarypatterns.code.tex
File: pgflibrarypatterns.code.tex 2025-08-29 v3.1.11a (3.1.11a)
))
(C:\Users\Lenovo\AppData\Local\Programs\MiKTeX\tex/generic/pgf/frontendlayer/ti
kz/libraries\tikzlibrarymatrix.code.tex
File: tikzlibrarymatrix.code.tex 2025-08-29 v3.1.11a (3.1.11a)
)
(C:\Users\Lenovo\AppData\Local\Programs\MiKTeX\tex/latex/pgf-blur\tikzlibrarysh
adows.blur.code.tex  v1.02, 2012/12/09
(C:\Users\Lenovo\AppData\Local\Programs\MiKTeX\tex/generic/pgf/frontendlayer/ti
kz/libraries\tikzlibraryshadows.code.tex
File: tikzlibraryshadows.code.tex 2025-08-29 v3.1.11a (3.1.11a)

(C:\Users\Lenovo\AppData\Local\Programs\MiKTeX\tex/generic/pgf/frontendlayer/ti
kz/libraries\tikzlibraryfadings.code.tex
File: tikzlibraryfadings.code.tex 2025-08-29 v3.1.11a (3.1.11a)

(C:\Users\Lenovo\AppData\Local\Programs\MiKTeX\tex/generic/pgf/libraries\pgflib
raryfadings.code.tex
File: pgflibraryfadings.code.tex 2025-08-29 v3.1.11a (3.1.11a)
)))
\pgfbs@fading@count=\count363
)
(C:\Users\Lenovo\AppData\Local\Programs\MiKTeX\tex/latex/pgfplots\pgfplots.sty
(C:\Users\Lenovo\AppData\Local\Programs\MiKTeX\tex/generic/pgfplots\pgfplots.re
vision.tex)
Package: pgfplots 2021/05/15 v1.18.1 Data Visualization (1.18.1)

(C:\Users\Lenovo\AppData\Local\Programs\MiKTeX\tex/generic/pgfplots\pgfplots.co
de.tex
(C:\Users\Lenovo\AppData\Local\Programs\MiKTeX\tex/generic/pgfplots\pgfplotscor
e.code.tex
\t@pgfplots@toka=\toks58
\t@pgfplots@tokb=\toks59
\t@pgfplots@tokc=\toks60
\pgfplots@tmpa=\dimen333
\c@pgfplots@coordindex=\count364
\c@pgfplots@scanlineindex=\count365

(C:\Users\Lenovo\AppData\Local\Programs\MiKTeX\tex/generic/pgfplots/sys\pgfplot
ssysgeneric.code.tex))
(C:\Users\Lenovo\AppData\Local\Programs\MiKTeX\tex/generic/pgfplots/libs\pgfplo
tslibrary.code.tex)
(C:\Users\Lenovo\AppData\Local\Programs\MiKTeX\tex/generic/pgfplots/oldpgfcompa
tib\pgfplotsoldpgfsupp_loader.code.tex
(C:\Users\Lenovo\AppData\Local\Programs\MiKTeX\tex/generic/pgf/libraries\pgflib
raryfpu.code.tex)
Package pgfplots: loading complementary utilities for your pgf version...
\t@pgf@toka=\toks61
\t@pgf@tokb=\toks62
\t@pgf@tokc=\toks63

(C:\Users\Lenovo\AppData\Local\Programs\MiKTeX\tex/generic/pgfplots/oldpgfcompa
tib\pgfplotsoldpgfsupp_pgfutil-common-lists.tex))
(C:\Users\Lenovo\AppData\Local\Programs\MiKTeX\tex/generic/pgfplots/util\pgfplo
tsutil.code.tex
(C:\Users\Lenovo\AppData\Local\Programs\MiKTeX\tex/generic/pgfplots/liststructu
re\pgfplotsliststructure.code.tex)
(C:\Users\Lenovo\AppData\Local\Programs\MiKTeX\tex/generic/pgfplots/liststructu
re\pgfplotsliststructureext.code.tex)
(C:\Users\Lenovo\AppData\Local\Programs\MiKTeX\tex/generic/pgfplots/liststructu
re\pgfplotsarray.code.tex
\c@pgfplotsarray@tmp=\count366
)
(C:\Users\Lenovo\AppData\Local\Programs\MiKTeX\tex/generic/pgfplots/liststructu
re\pgfplotsmatrix.code.tex)
(C:\Users\Lenovo\AppData\Local\Programs\MiKTeX\tex/generic/pgfplots/numtable\pg
fplotstableshared.code.tex
\c@pgfplotstable@counta=\count367
\t@pgfplotstable@a=\toks64
)
(C:\Users\Lenovo\AppData\Local\Programs\MiKTeX\tex/generic/pgfplots/liststructu
re\pgfplotsdeque.code.tex)
(C:\Users\Lenovo\AppData\Local\Programs\MiKTeX\tex/generic/pgfplots/util\pgfplo
tsbinary.code.tex
(C:\Users\Lenovo\AppData\Local\Programs\MiKTeX\tex/generic/pgfplots/util\pgfplo
tsbinary.data.code.tex))
(C:\Users\Lenovo\AppData\Local\Programs\MiKTeX\tex/generic/pgfplots/util\pgfplo
tsutil.verb.code.tex)
(C:\Users\Lenovo\AppData\Local\Programs\MiKTeX\tex/generic/pgfplots/libs\pgflib
rarypgfplots.surfshading.code.tex
\c@pgfplotslibrarysurf@no=\count368

(C:\Users\Lenovo\AppData\Local\Programs\MiKTeX\tex/generic/pgfplots/sys\pgflibr
arypgfplots.surfshading.pgfsys-pdftex.def)))
(C:\Users\Lenovo\AppData\Local\Programs\MiKTeX\tex/generic/pgfplots/util\pgfplo
tscolormap.code.tex
(C:\Users\Lenovo\AppData\Local\Programs\MiKTeX\tex/generic/pgfplots/util\pgfplo
tscolor.code.tex))
(C:\Users\Lenovo\AppData\Local\Programs\MiKTeX\tex/generic/pgfplots\pgfplotssta
ckedplots.code.tex)
(C:\Users\Lenovo\AppData\Local\Programs\MiKTeX\tex/generic/pgfplots\pgfplotsplo
thandlers.code.tex
(C:\Users\Lenovo\AppData\Local\Programs\MiKTeX\tex/generic/pgfplots\pgfplotsmes
hplothandler.code.tex
(C:\Users\Lenovo\AppData\Local\Programs\MiKTeX\tex/generic/pgfplots\pgfplotsmes
hplotimage.code.tex)))
(C:\Users\Lenovo\AppData\Local\Programs\MiKTeX\tex/generic/pgfplots\pgfplots.sc
aling.code.tex)
(C:\Users\Lenovo\AppData\Local\Programs\MiKTeX\tex/generic/pgfplots\pgfplotscoo
rdprocessing.code.tex)
(C:\Users\Lenovo\AppData\Local\Programs\MiKTeX\tex/generic/pgfplots\pgfplots.er
rorbars.code.tex)
(C:\Users\Lenovo\AppData\Local\Programs\MiKTeX\tex/generic/pgfplots\pgfplots.ma
rkers.code.tex)
(C:\Users\Lenovo\AppData\Local\Programs\MiKTeX\tex/generic/pgfplots\pgfplotstic
ks.code.tex)
(C:\Users\Lenovo\AppData\Local\Programs\MiKTeX\tex/generic/pgfplots\pgfplots.pa
ths.code.tex)
(C:\Users\Lenovo\AppData\Local\Programs\MiKTeX\tex/generic/pgf/frontendlayer/ti
kz/libraries\tikzlibrarydecorations.pathmorphing.code.tex
(C:\Users\Lenovo\AppData\Local\Programs\MiKTeX\tex/generic/pgf/libraries/decora
tions\pgflibrarydecorations.pathmorphing.code.tex))
(C:\Users\Lenovo\AppData\Local\Programs\MiKTeX\tex/generic/pgfplots/libs\tikzli
brarypgfplots.contourlua.code.tex)
\pgfplots@numplots=\count369
\pgfplots@xmin@reg=\dimen334
\pgfplots@xmax@reg=\dimen335
\pgfplots@ymin@reg=\dimen336
\pgfplots@ymax@reg=\dimen337
\pgfplots@zmin@reg=\dimen338
\pgfplots@zmax@reg=\dimen339
)
(C:\Users\Lenovo\AppData\Local\Programs\MiKTeX\tex/generic/pgf/frontendlayer/ti
kz/libraries\tikzlibraryplotmarks.code.tex
File: tikzlibraryplotmarks.code.tex 2025-08-29 v3.1.11a (3.1.11a)

(C:\Users\Lenovo\AppData\Local\Programs\MiKTeX\tex/generic/pgf/libraries\pgflib
raryplotmarks.code.tex
File: pgflibraryplotmarks.code.tex 2025-08-29 v3.1.11a (3.1.11a)
)))
(C:\Users\Lenovo\AppData\Local\Programs\MiKTeX\tex/generic/pgfplots/libs\tikzli
brarypgfplots.groupplots.code.tex
\pgfplots@group@current@plot=\count370
\pgfplots@group@current@row=\count371
\pgfplots@group@current@column=\count372
)
(C:\Users\Lenovo\AppData\Local\Programs\MiKTeX\tex/generic/pgfplots/libs\tikzli
brarypgfplots.fillbetween.code.tex
(C:\Users\Lenovo\AppData\Local\Programs\MiKTeX\tex/generic/pgfplots/pgfcontrib\
tikzlibraryfillbetween.code.tex
(C:\Users\Lenovo\AppData\Local\Programs\MiKTeX\tex/generic/pgf/frontendlayer/ti
kz/libraries\tikzlibraryintersections.code.tex
(C:\Users\Lenovo\AppData\Local\Programs\MiKTeX\tex/generic/pgf/libraries\pgflib
raryintersections.code.tex
\pgf@intersect@solutions=\count373
))
(C:\Users\Lenovo\AppData\Local\Programs\MiKTeX\tex/generic/pgfplots/pgfcontrib\
tikzlibrarydecorations.softclip.code.tex
(C:\Users\Lenovo\AppData\Local\Programs\MiKTeX\tex/generic/pgfplots/pgfcontrib\
pgflibraryfillbetween.code.tex)))
(C:\Users\Lenovo\AppData\Local\Programs\MiKTeX\tex/generic/pgfplots/libs\tikzli
brarypgfplots.decorations.softclip.code.tex))
(C:\Users\Lenovo\AppData\Local\Programs\MiKTeX\tex/latex/tools\xr.sty
Package: xr 2024-12-22 v6.00 eXternal References (DPC)
)
(C:\Users\Lenovo\AppData\Local\Programs\MiKTeX\tex/latex/cleveref\cleveref.sty
Package: cleveref 2018/03/27 v0.21.4 Intelligent cross-referencing
Package cleveref Info: `hyperref' support loaded on input line 2370.
LaTeX Info: Redefining \cref on input line 2370.
LaTeX Info: Redefining \Cref on input line 2370.
LaTeX Info: Redefining \crefrange on input line 2370.
LaTeX Info: Redefining \Crefrange on input line 2370.
LaTeX Info: Redefining \cpageref on input line 2370.
LaTeX Info: Redefining \Cpageref on input line 2370.
LaTeX Info: Redefining \cpagerefrange on input line 2370.
LaTeX Info: Redefining \Cpagerefrange on input line 2370.
LaTeX Info: Redefining \labelcref on input line 2370.
LaTeX Info: Redefining \labelcpageref on input line 2370.
Package cleveref Info: `amsthm' support loaded on input line 3026.
)
==> First Aid for cleveref.sty applied!
(figures/tikz_styles.tex)
\c@theorem=\count374
\c@assumption=\count375
\@float@every@algorithm=\toks65
\c@algorithm=\count376
\c@algline=\count377
\algind=\skip91
 (sections/abstract.tex))
Package xr Info: IMPORTING LABELS FROM main.aux on input line 22.
Package hyperref Info: Option `pdfdisplaydoctitle' set `true' on input line 23.


Excluding comment 'screenonly' Include comment 'printonly'
Excluding comment 'anonsuppress' Excluding comment 'acks'
(C:\Users\Lenovo\AppData\Local\Programs\MiKTeX\tex/latex/l3backend\l3backend-pd
ftex.def
File: l3backend-pdftex.def 2025-10-09 L3 backend support: PDF output (pdfTeX)
\l__color_backend_stack_int=\count378
) (main_supplement.aux

Package natbib Warning: Citation `kempe2003maximizing' multiply defined.


Package natbib Warning: Citation `ruan2024toolemu' multiply defined.


Package natbib Warning: Citation `watts2002simple' multiply defined.


LaTeX Warning: Label `tocindent-1' multiply defined.


LaTeX Warning: Label `tocindent0' multiply defined.


LaTeX Warning: Label `tocindent1' multiply defined.


LaTeX Warning: Label `tocindent2' multiply defined.


LaTeX Warning: Label `tocindent3' multiply defined.


LaTeX Warning: Label `tocindent4' multiply defined.


LaTeX Warning: Label `tocindent5' multiply defined.


LaTeX Warning: Label `TotPages' multiply defined.

)
\openout1 = `main_supplement.aux'.

LaTeX Font Info:    Checking defaults for OML/nxlmi/m/it on input line 23.
LaTeX Font Info:    Trying to load font information for OML+nxlmi on input line
 23.
 (C:\Users\Lenovo\AppData\Local\Programs\MiKTeX\tex/latex/newtx\omlnxlmi.fd
File: omlnxlmi.fd 2013/11/19 Fontinst v1.933 font definitions for OML/nxlmi.
)
LaTeX Font Info:    ... okay on input line 23.
LaTeX Font Info:    Checking defaults for OMS/cmsy/m/n on input line 23.
LaTeX Font Info:    ... okay on input line 23.
LaTeX Font Info:    Checking defaults for OT1/cmr/m/n on input line 23.
LaTeX Font Info:    ... okay on input line 23.
LaTeX Font Info:    Checking defaults for T1/cmr/m/n on input line 23.
LaTeX Font Info:    ... okay on input line 23.
LaTeX Font Info:    Checking defaults for TS1/cmr/m/n on input line 23.
LaTeX Font Info:    ... okay on input line 23.
LaTeX Font Info:    Checking defaults for OMX/cmex/m/n on input line 23.
LaTeX Font Info:    ... okay on input line 23.
LaTeX Font Info:    Checking defaults for U/ntxexa/m/n on input line 23.
LaTeX Font Info:    Trying to load font information for U+ntxexa on input line 
23.

(C:\Users\Lenovo\AppData\Local\Programs\MiKTeX\tex/latex/newtx\untxexa.fd
File: untxexa.fd 2012/04/16 Fontinst v1.933 font definitions for U/ntxexa.
)
LaTeX Font Info:    ... okay on input line 23.
LaTeX Font Info:    Checking defaults for PD1/pdf/m/n on input line 23.
LaTeX Font Info:    ... okay on input line 23.
LaTeX Font Info:    Checking defaults for PU/pdf/m/n on input line 23.
LaTeX Font Info:    ... okay on input line 23.
LaTeX Font Info:    Checking defaults for LMS/ntxsy/m/n on input line 23.
LaTeX Font Info:    Trying to load font information for LMS+ntxsy on input line
 23.

(C:\Users\Lenovo\AppData\Local\Programs\MiKTeX\tex/latex/newtx\lmsntxsy.fd
File: lmsntxsy.fd 2016/07/02 Fontinst v1.933 font definitions for LMS/ntxsy.
)
LaTeX Font Info:    ... okay on input line 23.
LaTeX Font Info:    Checking defaults for LMX/ntxexx/m/n on input line 23.
LaTeX Font Info:    Trying to load font information for LMX+ntxexx on input lin
e 23.

(C:\Users\Lenovo\AppData\Local\Programs\MiKTeX\tex/latex/newtx\lmxntxexx.fd
File: lmxntxexx.fd 2016/07/03 Fontinst v1.933 font definitions for LMX/ntxexx.
)
LaTeX Font Info:    ... okay on input line 23.
LaTeX Font Info:    Font shape `T1/LinuxLibertineT-TLF/m/n' will be
(Font)              scaled to size 7.0pt on input line 23.
LaTeX Font Info:    Trying to load font information for OT1+LinuxLibertineT-TLF
 on input line 23.

(C:\Users\Lenovo\AppData\Local\Programs\MiKTeX\tex/latex/libertine\ot1linuxlibe
rtinet-tlf.fd
File: OT1LinuxLibertineT-TLF.fd 2017/03/20 (autoinst) Font definitions for OT1/
LinuxLibertineT-TLF.
)
LaTeX Font Info:    Font shape `OT1/LinuxLibertineT-TLF/m/n' will be
(Font)              scaled to size 7.3pt on input line 23.
<<ot1.cmap>>
LaTeX Font Info:    Font shape `OT1/LinuxLibertineT-TLF/m/n' will be
(Font)              scaled to size 5.5pt on input line 23.
LaTeX Font Info:    Font shape `OML/nxlmi/m/it' will be
(Font)              scaled to size 7.3pt on input line 23.
<<oml.cmap>>
LaTeX Font Info:    Font shape `OML/nxlmi/m/it' will be
(Font)              scaled to size 5.5pt on input line 23.
LaTeX Font Info:    Font shape `LMS/ntxsy/m/n' will be
(Font)              scaled to size 7.3pt on input line 23.
LaTeX Font Info:    Font shape `LMS/ntxsy/m/n' will be
(Font)              scaled to size 5.5pt on input line 23.
LaTeX Font Info:    Font shape `LMX/ntxexx/m/n' will be
(Font)              scaled to size 7.3pt on input line 23.
LaTeX Font Info:    Font shape `LMX/ntxexx/m/n' will be
(Font)              scaled to size 5.5pt on input line 23.
LaTeX Font Info:    Trying to load font information for U+msa on input line 23.


(C:\Users\Lenovo\AppData\Local\Programs\MiKTeX\tex/latex/amsfonts\umsa.fd
File: umsa.fd 2013/01/14 v3.01 AMS symbols A
)
LaTeX Font Info:    Trying to load font information for U+msb on input line 23.


(C:\Users\Lenovo\AppData\Local\Programs\MiKTeX\tex/latex/amsfonts\umsb.fd
File: umsb.fd 2013/01/14 v3.01 AMS symbols B
)
LaTeX Font Info:    Trying to load font information for U+ntxmia on input line 
23.

(C:\Users\Lenovo\AppData\Local\Programs\MiKTeX\tex/latex/newtx\untxmia.fd
File: untxmia.fd 2024/04/09 Fontinst v1.933 font definitions for U/ntxmia.
)
LaTeX Font Info:    Font shape `U/ntxmia/m/it' will be
(Font)              scaled to size 7.3pt on input line 23.
LaTeX Font Info:    Font shape `U/ntxmia/m/it' will be
(Font)              scaled to size 5.5pt on input line 23.
LaTeX Font Info:    Trying to load font information for U+ntxsym on input line 
23.

(C:\Users\Lenovo\AppData\Local\Programs\MiKTeX\tex/latex/newtx\untxsym.fd
File: untxsym.fd 2023/08/16 Fontinst v1.933 font definitions for U/ntxsym.
)
LaTeX Font Info:    Font shape `U/ntxsym/m/n' will be
(Font)              scaled to size 7.3pt on input line 23.
LaTeX Font Info:    Font shape `U/ntxsym/m/n' will be
(Font)              scaled to size 5.5pt on input line 23.
LaTeX Font Info:    Trying to load font information for U+ntxsyc on input line 
23.

(C:\Users\Lenovo\AppData\Local\Programs\MiKTeX\tex/latex/newtx\untxsyc.fd
File: untxsyc.fd 2012/04/12 Fontinst v1.933 font definitions for U/ntxsyc.
)
LaTeX Font Info:    Font shape `U/ntxsyc/m/n' will be
(Font)              scaled to size 7.3pt on input line 23.
LaTeX Font Info:    Font shape `U/ntxsyc/m/n' will be
(Font)              scaled to size 5.5pt on input line 23.
LaTeX Font Info:    Font shape `U/ntxexa/m/n' will be
(Font)              scaled to size 7.3pt on input line 23.
LaTeX Font Info:    Font shape `U/ntxexa/m/n' will be
(Font)              scaled to size 5.5pt on input line 23.
LaTeX Font Info:    Font shape `OT1/LinuxLibertineT-TLF/sb/n' will be
(Font)              scaled to size 7.3pt on input line 23.
LaTeX Font Info:    Font shape `OT1/LinuxLibertineT-TLF/sb/n' will be
(Font)              scaled to size 5.5pt on input line 23.
LaTeX Font Info:    Font shape `OML/nxlmi/b/it' will be
(Font)              scaled to size 7.3pt on input line 23.
LaTeX Font Info:    Font shape `OML/nxlmi/b/it' will be
(Font)              scaled to size 5.5pt on input line 23.
LaTeX Font Info:    Font shape `LMS/ntxsy/b/n' will be
(Font)              scaled to size 7.3pt on input line 23.
LaTeX Font Info:    Font shape `LMS/ntxsy/b/n' will be
(Font)              scaled to size 5.5pt on input line 23.
LaTeX Font Info:    Font shape `LMX/ntxexx/b/n' will be
(Font)              scaled to size 7.3pt on input line 23.
LaTeX Font Info:    Font shape `LMX/ntxexx/b/n' will be
(Font)              scaled to size 5.5pt on input line 23.
LaTeX Info: Command `\dddot' is already robust on input line 23.
LaTeX Info: Command `\ddddot' is already robust on input line 23.
LaTeX Info: Redefining \microtypecontext on input line 23.
Package microtype Info: Applying patch `item' on input line 23.
Package microtype Info: Applying patch `toc' on input line 23.
Package microtype Info: Applying patch `eqnum' on input line 23.
Package microtype Info: Applying patch `footnote' on input line 23.
Package microtype Info: Applying patch `verbatim' on input line 23.
LaTeX Info: Redefining \microtypesetup on input line 23.
Package microtype Info: Generating PDF output.
Package microtype Info: Character protrusion enabled (level 2).
Package microtype Info: Using default protrusion set `alltext'.
Package microtype Info: Automatic font expansion enabled (level 2),
(microtype)             stretch: 20, shrink: 20, step: 1, non-selected.
Package microtype Info: Using default expansion set `alltext-nott'.
Package microtype Info: Patching command `\showhyphens'.
Package microtype Info: No adjustment of tracking.
Package microtype Info: No adjustment of interword spacing.
Package microtype Info: No adjustment of character kerning.
Package microtype Info: Loading generic protrusion settings for font family
(microtype)             `LinuxLibertineT-TLF' (encoding: T1).
(microtype)             For optimal results, create family-specific settings.
(microtype)             See the microtype manual for details.
Package hyperref Info: Link coloring OFF on input line 23.

(main_supplement.out) (main_supplement.out)
\@outlinefile=\write5
\openout5 = `main_supplement.out'.


(C:\Users\Lenovo\AppData\Local\Programs\MiKTeX\tex/context/base/mkii\supp-pdf.m
kii
[Loading MPS to PDF converter (version 2006.09.02).]
\scratchcounter=\count379
\scratchdimen=\dimen340
\scratchbox=\box81
\nofMPsegments=\count380
\nofMParguments=\count381
\everyMPshowfont=\toks66
\MPscratchCnt=\count382
\MPscratchDim=\dimen341
\MPnumerator=\count383
\makeMPintoPDFobject=\count384
\everyMPtoPDFconversion=\toks67
)
(C:\Users\Lenovo\AppData\Local\Programs\MiKTeX\tex/latex/epstopdf-pkg\epstopdf-
base.sty
Package: epstopdf-base 2020-01-24 v2.11 Base part for package epstopdf
Package epstopdf-base Info: Redefining graphics rule for `.eps' on input line 4
85.

(C:\Users\Lenovo\AppData\Local\Programs\MiKTeX\tex/latex/00miktex\epstopdf-sys.
cfg
File: epstopdf-sys.cfg 2021/03/18 v2.0 Configuration of epstopdf for MiKTeX
))
*geometry* driver: auto-detecting
*geometry* detected driver: pdftex
*geometry* verbose mode - [ preamble ] result:
* driver: pdftex
* paper: custom
* layout: <same size as paper>
* layoutoffset:(h,v)=(0.0pt,0.0pt)
* modes: includehead includefoot twoside heightrounded 
* h-part:(L,W,R)=(54.0pt, 506.295pt, 54.0pt)
* v-part:(T,H,B)=(57.0pt, 664.96999pt, 73.0pt)
* \paperwidth=614.295pt
* \paperheight=794.96999pt
* \textwidth=506.295pt
* \textheight=626.0pt
* \oddsidemargin=-18.26999pt
* \evensidemargin=-18.26999pt
* \topmargin=-15.26999pt
* \headheight=13.0pt
* \headsep=14.0pt
* \topskip=10.0pt
* \footskip=12.0pt
* \marginparwidth=24.0pt
* \marginparsep=11.0pt
* \columnsep=24.0pt
* \skip\footins=7.0pt plus 11.0pt
* \hoffset=0.0pt
* \voffset=0.0pt
* \mag=1000
* \@twocolumnfalse
* \@twosidetrue
* \@mparswitchtrue
* \@reversemarginfalse
* (1in=72.27pt=25.4mm, 1cm=28.453pt)

\c@mv@tabular=\count385
\c@mv@boldtabular=\count386
(C:\Users\Lenovo\AppData\Local\Programs\MiKTeX\tex/latex/upquote\upquote.sty
Package: upquote 2012/04/19 v1.3 upright-quote and grave-accent glyphs in verba
tim
)
Package caption Info: Begin \AtBeginDocument code.
Package caption Info: float package is loaded.
Package caption Info: End \AtBeginDocument code.

Package pgfplots notification 'compat/show suggested version=true': document ha
s been generated with the most recent feature set (\pgfplotsset{compat=1.18}).

LaTeX Font Info:    Font shape `T1/LinuxLibertineT-TLF/m/n' will be
(Font)              scaled to size 17.28pt on input line 25.
LaTeX Font Info:    Trying to load font information for T1+LinuxBiolinumT-TLF o
n input line 25.

(C:\Users\Lenovo\AppData\Local\Programs\MiKTeX\tex/latex/libertine\t1linuxbioli
numt-tlf.fd
File: T1LinuxBiolinumT-TLF.fd 2017/03/20 (autoinst) Font definitions for T1/Lin
uxBiolinumT-TLF.
)
LaTeX Font Info:    Font shape `T1/LinuxBiolinumT-TLF/m/n' will be
(Font)              scaled to size 17.28pt on input line 25.
Package microtype Info: Loading generic protrusion settings for font family
(microtype)             `LinuxBiolinumT-TLF' (encoding: T1).
(microtype)             For optimal results, create family-specific settings.
(microtype)             See the microtype manual for details.
LaTeX Font Info:    Font shape `T1/LinuxBiolinumT-TLF/b/n' will be
(Font)              scaled to size 17.28pt on input line 25.
LaTeX Font Info:    Font shape `T1/LinuxBiolinumT-TLF/b/sc' will be
(Font)              scaled to size 17.28pt on input line 25.
LaTeX Font Info:    Font shape `T1/LinuxLibertineT-TLF/m/n' will be
(Font)              scaled to size 12.0pt on input line 25.
LaTeX Font Info:    Font shape `T1/LinuxLibertineT-TLF/m/n' will be
(Font)              scaled to size 10.0pt on input line 25.
<by.pdf, id=138, 121.45375pt x 43.16125pt>
File: by.pdf Graphic file (type pdf)
<use by.pdf>
Package pdftex.def Info: by.pdf  used on input line 25.
(pdftex.def)             Requested size: 43.40558pt x 15.42474pt.
LaTeX Font Info:    Font shape `T1/LinuxLibertineT-TLF/m/it' will be
(Font)              scaled to size 7.0pt on input line 25.
LaTeX Font Info:    Trying to load font information for TS1+LinuxLibertineT-TLF
 on input line 25.

(C:\Users\Lenovo\AppData\Local\Programs\MiKTeX\tex/latex/libertine\ts1linuxlibe
rtinet-tlf.fd
File: TS1LinuxLibertineT-TLF.fd 2017/03/20 (autoinst) Font definitions for TS1/
LinuxLibertineT-TLF.
)
LaTeX Font Info:    Font shape `TS1/LinuxLibertineT-TLF/m/n' will be
(Font)              scaled to size 7.0pt on input line 25.
Package microtype Info: Loading generic protrusion settings for font family
(microtype)             `LinuxLibertineT-TLF' (encoding: TS1).
(microtype)             For optimal results, create family-specific settings.
(microtype)             See the microtype manual for details.
LaTeX Font Info:    Font shape `T1/LinuxLibertineT-TLF/b/n' will be
(Font)              scaled to size 9.0pt on input line 25.
LaTeX Font Info:    Font shape `T1/LinuxLibertineT-TLF/b/n' will be
(Font)              scaled to size 10.95pt on input line 25.
LaTeX Font Info:    Font shape `T1/LinuxLibertineT-TLF/m/sc' will be
(Font)              scaled to size 9.0pt on input line 25.
LaTeX Font Info:    Font shape `OT1/LinuxLibertineT-TLF/m/n' will be
(Font)              scaled to size 9.0pt on input line 25.
Package microtype Info: Loading generic protrusion settings for font family
(microtype)             `LinuxLibertineT-TLF' (encoding: OT1).
(microtype)             For optimal results, create family-specific settings.
(microtype)             See the microtype manual for details.
LaTeX Font Info:    Font shape `OT1/LinuxLibertineT-TLF/m/n' will be
(Font)              scaled to size 6.6pt on input line 25.
LaTeX Font Info:    Font shape `OML/nxlmi/m/it' will be
(Font)              scaled to size 9.0pt on input line 25.
LaTeX Font Info:    Font shape `OML/nxlmi/m/it' will be
(Font)              scaled to size 6.6pt on input line 25.
LaTeX Font Info:    Font shape `LMS/ntxsy/m/n' will be
(Font)              scaled to size 9.0pt on input line 25.
LaTeX Font Info:    Font shape `LMS/ntxsy/m/n' will be
(Font)              scaled to size 6.6pt on input line 25.
LaTeX Font Info:    Font shape `LMX/ntxexx/m/n' will be
(Font)              scaled to size 9.0pt on input line 25.
LaTeX Font Info:    Font shape `LMX/ntxexx/m/n' will be
(Font)              scaled to size 6.6pt on input line 25.

(C:\Users\Lenovo\AppData\Local\Programs\MiKTeX\tex/latex/microtype\mt-msa.cfg
File: mt-msa.cfg 2006/02/04 v1.1 microtype config. file: AMS symbols (a) (RS)
)
(C:\Users\Lenovo\AppData\Local\Programs\MiKTeX\tex/latex/microtype\mt-msb.cfg
File: mt-msb.cfg 2005/06/01 v1.0 microtype config. file: AMS symbols (b) (RS)
)
LaTeX Font Info:    Font shape `U/ntxmia/m/it' will be
(Font)              scaled to size 9.0pt on input line 25.
LaTeX Font Info:    Font shape `U/ntxmia/m/it' will be
(Font)              scaled to size 6.6pt on input line 25.
LaTeX Font Info:    Font shape `U/ntxsym/m/n' will be
(Font)              scaled to size 9.0pt on input line 25.
LaTeX Font Info:    Font shape `U/ntxsym/m/n' will be
(Font)              scaled to size 6.6pt on input line 25.
LaTeX Font Info:    Font shape `U/ntxsyc/m/n' will be
(Font)              scaled to size 9.0pt on input line 25.
LaTeX Font Info:    Font shape `U/ntxsyc/m/n' will be
(Font)              scaled to size 6.6pt on input line 25.
LaTeX Font Info:    Font shape `U/ntxexa/m/n' will be
(Font)              scaled to size 9.0pt on input line 25.
LaTeX Font Info:    Font shape `U/ntxexa/m/n' will be
(Font)              scaled to size 6.6pt on input line 25.
LaTeX Font Info:    Font shape `OT1/LinuxLibertineT-TLF/sb/n' will be
(Font)              scaled to size 9.0pt on input line 25.
LaTeX Font Info:    Font shape `OT1/LinuxLibertineT-TLF/sb/n' will be
(Font)              scaled to size 6.6pt on input line 25.
LaTeX Font Info:    Font shape `OML/nxlmi/b/it' will be
(Font)              scaled to size 9.0pt on input line 25.
LaTeX Font Info:    Font shape `OML/nxlmi/b/it' will be
(Font)              scaled to size 6.6pt on input line 25.
LaTeX Font Info:    Font shape `LMS/ntxsy/b/n' will be
(Font)              scaled to size 9.0pt on input line 25.
LaTeX Font Info:    Font shape `LMS/ntxsy/b/n' will be
(Font)              scaled to size 6.6pt on input line 25.
LaTeX Font Info:    Font shape `LMX/ntxexx/b/n' will be
(Font)              scaled to size 9.0pt on input line 25.
LaTeX Font Info:    Font shape `LMX/ntxexx/b/n' will be
(Font)              scaled to size 6.6pt on input line 25.
LaTeX Font Info:    Font shape `T1/LinuxLibertineT-TLF/m/it' will be
(Font)              scaled to size 9.0pt on input line 25.

Overfull \hbox (1.0672pt too wide) in paragraph at lines 25--25
\T1/LinuxLibertineT-TLF/m/n/9 (-20) multi-agent LLM se-cu-rity; se-cu-rity benc
h-mark; co-evolving red/blue
 []


Overfull \hbox (1.2944pt too wide) in paragraph at lines 25--25
\T1/LinuxLibertineT-TLF/m/n/9 (-20) eval-u-a-tion; col-lu-sion; prompt in-jec-t
ion; de-ter-min-is-tic se-cu-rity check-
 []

LaTeX Font Info:    Font shape `T1/LinuxLibertineT-TLF/m/n' will be
(Font)              scaled to size 8.0pt on input line 25.
LaTeX Font Info:    Font shape `T1/LinuxLibertineT-TLF/b/n' will be
(Font)              scaled to size 8.0pt on input line 25.
LaTeX Font Info:    Font shape `T1/LinuxLibertineT-TLF/m/sc' will be
(Font)              scaled to size 8.0pt on input line 25.
LaTeX Font Info:    Font shape `T1/LinuxLibertineT-TLF/m/it' will be
(Font)              scaled to size 8.0pt on input line 25.

Underfull \vbox (badness 2744) has occurred while \output is active []


(appendix/proofs.tex
Overfull \hbox (6.20833pt too wide) in paragraph at lines 12--15
[]\T1/LinuxLibertineT-TLF/m/n/9 (-20) With one agent the
 []


Overfull \hbox (7.53781pt too wide) in paragraph at lines 18--24
[]\T1/LinuxLibertineT-TLF/m/n/9 (-20) By D4a
 []

LaTeX Font Info:    Freeze math alphabet allocation in version normal.
(Font)              Allocated math groups: 14 (local: 2) on input line 28.
LaTeX Font Info:    Trying to load font information for OT1+LinuxBiolinumT-TLF 
on input line 28.

(C:\Users\Lenovo\AppData\Local\Programs\MiKTeX\tex/latex/libertine\ot1linuxbiol
inumt-tlf.fd
File: OT1LinuxBiolinumT-TLF.fd 2017/03/20 (autoinst) Font definitions for OT1/L
inuxBiolinumT-TLF.
)
LaTeX Font Info:    Font shape `OT1/LinuxBiolinumT-TLF/m/n' will be
(Font)              scaled to size 9.0pt on input line 28.
Package microtype Info: Loading generic protrusion settings for font family
(microtype)             `LinuxBiolinumT-TLF' (encoding: OT1).
(microtype)             For optimal results, create family-specific settings.
(microtype)             See the microtype manual for details.
LaTeX Font Info:    Font shape `OT1/LinuxBiolinumT-TLF/m/n' will be
(Font)              scaled to size 6.6pt on input line 28.
LaTeX Font Info:    Font shape `OT1/LinuxBiolinumT-TLF/m/n' will be
(Font)              scaled to size 5.5pt on input line 28.
LaTeX Font Info:    Undo math alphabet allocation in version normal on input li
ne 28.
LaTeX Font Info:    No math alphabet change to frozen version normal on input l
ine 29.
LaTeX Font Info:    No math alphabet change to frozen version normal on input l
ine 29.
LaTeX Font Info:    No math alphabet change to frozen version normal on input l
ine 30.
LaTeX Font Info:    No math alphabet change to frozen version normal on input l
ine 30.
LaTeX Font Info:    No math alphabet change to frozen version normal on input l
ine 30.
LaTeX Font Info:    No math alphabet change to frozen version normal on input l
ine 31.
LaTeX Font Info:    No math alphabet change to frozen version normal on input l
ine 31.
LaTeX Font Info:    No math alphabet change to frozen version normal on input l
ine 32.

Overfull \hbox (10.9533pt too wide) in paragraph at lines 27--33
[]\T1/LinuxLibertineT-TLF/m/n/9 (-20) By As-sump-tion []1[],
 []

LaTeX Font Info:    Undo math alphabet allocation in version normal on input li
ne 36.
LaTeX Font Info:    Undo math alphabet allocation in version normal on input li
ne 37.
LaTeX Font Info:    No math alphabet change to frozen version normal on input l
ine 37.
LaTeX Font Info:    No math alphabet change to frozen version normal on input l
ine 38.
LaTeX Font Info:    No math alphabet change to frozen version normal on input l
ine 48.
LaTeX Font Info:    No math alphabet change to frozen version normal on input l
ine 48.
LaTeX Font Info:    No math alphabet change to frozen version normal on input l
ine 49.
LaTeX Font Info:    No math alphabet change to frozen version normal on input l
ine 50.
LaTeX Font Info:    No math alphabet change to frozen version normal on input l
ine 50.
LaTeX Font Info:    Font shape `T1/LinuxBiolinumT-TLF/m/n' will be
(Font)              scaled to size 9.0pt on input line 51.
LaTeX Font Info:    Font shape `T1/LinuxBiolinumT-TLF/m/n' will be
(Font)              scaled to size 7.0pt on input line 51.
[1.1{C:/Users/Lenovo/AppData/Local/MiKTeX/fonts/map/pdftex/pdftex.map}{C:/Users
/Lenovo/AppData/Local/Programs/MiKTeX/fonts/enc/dvips/libertine/lbtn_25tcsq.enc
}{C:/Users/Lenovo/AppData/Local/Programs/MiKTeX/fonts/enc/dvips/libertine/lbtn_
jtta5h.enc}{C:/Users/Lenovo/AppData/Local/Programs/MiKTeX/fonts/enc/dvips/liber
tine/lbtn_76gpa5.enc}

{C:/Users/Lenovo/AppData/Local/Programs/MiKTeX/fonts/enc/dvips/libertine/lbtn_n
h77jq.enc}{C:/Users/Lenovo/AppData/Local/Programs/MiKTeX/fonts/enc/dvips/libert
ine/lbtn_ncsllp.enc}{C:/Users/Lenovo/AppData/Local/Programs/MiKTeX/fonts/enc/dv
ips/libertine/lbtn_oexx6f.enc}{C:/Users/Lenovo/AppData/Local/Programs/MiKTeX/fo
nts/enc/dvips/libertine/lbtn_7grukw.enc}{C:/Users/Lenovo/AppData/Local/Programs
/MiKTeX/fonts/enc/dvips/libertine/lbtn_naooyc.enc}{C:/Users/Lenovo/AppData/Loca
l/Programs/MiKTeX/fonts/enc/dvips/libertine/lbtn_edcawa.enc} <./by.pdf>]
LaTeX Font Info:    No math alphabet change to frozen version normal on input l
ine 54.
LaTeX Font Info:    No math alphabet change to frozen version normal on input l
ine 55.
LaTeX Font Info:    No math alphabet change to frozen version normal on input l
ine 55.
LaTeX Font Info:    No math alphabet change to frozen version normal on input l
ine 55.
LaTeX Font Info:    No math alphabet change to frozen version normal on input l
ine 56.
LaTeX Font Info:    No math alphabet change to frozen version normal on input l
ine 57.
LaTeX Font Info:    No math alphabet change to frozen version normal on input l
ine 61.
LaTeX Font Info:    No math alphabet change to frozen version normal on input l
ine 61.
LaTeX Font Info:    No math alphabet change to frozen version normal on input l
ine 62.
LaTeX Font Info:    No math alphabet change to frozen version normal on input l
ine 62.
LaTeX Font Info:    No math alphabet change to frozen version normal on input l
ine 63.
LaTeX Font Info:    No math alphabet change to frozen version normal on input l
ine 63.
LaTeX Font Info:    No math alphabet change to frozen version normal on input l
ine 63.
LaTeX Font Info:    No math alphabet change to frozen version normal on input l
ine 64.
LaTeX Font Info:    No math alphabet change to frozen version normal on input l
ine 64.
LaTeX Font Info:    No math alphabet change to frozen version normal on input l
ine 64.
LaTeX Font Info:    No math alphabet change to frozen version normal on input l
ine 68.
LaTeX Font Info:    No math alphabet change to frozen version normal on input l
ine 68.
LaTeX Font Info:    Nested math: keeping math alphabet allocation in version no
rmal on input line 69.
LaTeX Font Info:    Nested math: keeping math alphabet allocation in version no
rmal on input line 69.
LaTeX Font Info:    No math alphabet change to frozen version normal on input l
ine 69.
LaTeX Font Info:    No math alphabet change to frozen version normal on input l
ine 70.
LaTeX Font Info:    No math alphabet change to frozen version normal on input l
ine 70.
LaTeX Font Info:    No math alphabet change to frozen version normal on input l
ine 70.
LaTeX Font Info:    No math alphabet change to frozen version normal on input l
ine 71.
LaTeX Font Info:    No math alphabet change to frozen version normal on input l
ine 75.
LaTeX Font Info:    No math alphabet change to frozen version normal on input l
ine 76.
LaTeX Font Info:    No math alphabet change to frozen version normal on input l
ine 76.
LaTeX Font Info:    No math alphabet change to frozen version normal on input l
ine 77.
LaTeX Font Info:    No math alphabet change to frozen version normal on input l
ine 77.
LaTeX Font Info:    No math alphabet change to frozen version normal on input l
ine 78.
LaTeX Font Info:    No math alphabet change to frozen version normal on input l
ine 82.
LaTeX Font Info:    No math alphabet change to frozen version normal on input l
ine 82.
LaTeX Font Info:    No math alphabet change to frozen version normal on input l
ine 83.
LaTeX Font Info:    No math alphabet change to frozen version normal on input l
ine 83.
LaTeX Font Info:    No math alphabet change to frozen version normal on input l
ine 84.
LaTeX Font Info:    Nested math: keeping math alphabet allocation in version no
rmal on input line 86.
LaTeX Font Info:    Nested math: keeping math alphabet allocation in version no
rmal on input line 86.
LaTeX Font Info:    No math alphabet change to frozen version normal on input l
ine 89.
LaTeX Font Info:    No math alphabet change to frozen version normal on input l
ine 90.
LaTeX Font Info:    No math alphabet change to frozen version normal on input l
ine 94.
LaTeX Font Info:    No math alphabet change to frozen version normal on input l
ine 94.
LaTeX Font Info:    No math alphabet change to frozen version normal on input l
ine 95.
LaTeX Font Info:    No math alphabet change to frozen version normal on input l
ine 96.
LaTeX Font Info:    No math alphabet change to frozen version normal on input l
ine 96.
LaTeX Font Info:    No math alphabet change to frozen version normal on input l
ine 97.
LaTeX Font Info:    No math alphabet change to frozen version normal on input l
ine 98.
LaTeX Font Info:    No math alphabet change to frozen version normal on input l
ine 99.
LaTeX Font Info:    No math alphabet change to frozen version normal on input l
ine 99.
LaTeX Font Info:    No math alphabet change to frozen version normal on input l
ine 100.

Overfull \hbox (1.75418pt too wide) in paragraph at lines 94--102
[]\T1/LinuxLibertineT-TLF/m/n/9 (-20) Let the cen-tre be $\OML/nxlmi/m/it/9 c$ 
\T1/LinuxLibertineT-TLF/m/n/9 (-20) and the leaves
 []

LaTeX Font Info:    Nested math: keeping math alphabet allocation in version no
rmal on input line 103.
LaTeX Font Info:    Nested math: keeping math alphabet allocation in version no
rmal on input line 103.
LaTeX Font Info:    Nested math: keeping math alphabet allocation in version no
rmal on input line 103.
LaTeX Font Info:    Nested math: keeping math alphabet allocation in version no
rmal on input line 103.
LaTeX Font Info:    Nested math: keeping math alphabet allocation in version no
rmal on input line 104.
LaTeX Font Info:    Nested math: keeping math alphabet allocation in version no
rmal on input line 104.
LaTeX Font Info:    No math alphabet change to frozen version normal on input l
ine 106.
LaTeX Font Info:    No math alphabet change to frozen version normal on input l
ine 106.
LaTeX Font Info:    No math alphabet change to frozen version normal on input l
ine 110.
LaTeX Font Info:    No math alphabet change to frozen version normal on input l
ine 110.
LaTeX Font Info:    No math alphabet change to frozen version normal on input l
ine 111.
LaTeX Font Info:    No math alphabet change to frozen version normal on input l
ine 111.
LaTeX Font Info:    No math alphabet change to frozen version normal on input l
ine 112.
LaTeX Font Info:    No math alphabet change to frozen version normal on input l
ine 112.
LaTeX Font Info:    No math alphabet change to frozen version normal on input l
ine 112.
LaTeX Font Info:    Font shape `T1/LinuxLibertineT-TLF/m/n' will be
(Font)              scaled to size 6.6pt on input line 113.
LaTeX Font Info:    Font shape `T1/LinuxLibertineT-TLF/m/n' will be
(Font)              scaled to size 5.5pt on input line 113.
LaTeX Font Info:    Nested math: keeping math alphabet allocation in version no
rmal on input line 113.
LaTeX Font Info:    No math alphabet change to frozen version normal on input l
ine 113.
LaTeX Font Info:    No math alphabet change to frozen version normal on input l
ine 114.
LaTeX Font Info:    No math alphabet change to frozen version normal on input l
ine 114.
LaTeX Font Info:    No math alphabet change to frozen version normal on input l
ine 114.
LaTeX Font Info:    No math alphabet change to frozen version normal on input l
ine 115.
LaTeX Font Info:    No math alphabet change to frozen version normal on input l
ine 115.
LaTeX Font Info:    Nested math: keeping math alphabet allocation in version no
rmal on input line 115.
LaTeX Font Info:    Nested math: keeping math alphabet allocation in version no
rmal on input line 115.
LaTeX Font Info:    No math alphabet change to frozen version normal on input l
ine 115.
LaTeX Font Info:    No math alphabet change to frozen version normal on input l
ine 116.
LaTeX Font Info:    No math alphabet change to frozen version normal on input l
ine 117.

Overfull \hbox (2.0935pt too wide) in paragraph at lines 110--118
[]\T1/LinuxLibertineT-TLF/m/n/9 (-20) Seed the root (level $\OT1/LinuxLibertine
T-TLF/m/n/9 (-20) 0$\T1/LinuxLibertineT-TLF/m/n/9 (-20) ). Each com-
 []

LaTeX Font Info:    No math alphabet change to frozen version normal on input l
ine 121.
LaTeX Font Info:    No math alphabet change to frozen version normal on input l
ine 121.
LaTeX Font Info:    No math alphabet change to frozen version normal on input l
ine 121.
LaTeX Font Info:    No math alphabet change to frozen version normal on input l
ine 121.
LaTeX Font Info:    No math alphabet change to frozen version normal on input l
ine 122.
LaTeX Font Info:    No math alphabet change to frozen version normal on input l
ine 123.
LaTeX Font Info:    No math alphabet change to frozen version normal on input l
ine 124.
LaTeX Font Info:    No math alphabet change to frozen version normal on input l
ine 124.
LaTeX Font Info:    Nested math: keeping math alphabet allocation in version no
rmal on input line 125.
LaTeX Font Info:    Nested math: keeping math alphabet allocation in version no
rmal on input line 125.
LaTeX Font Info:    No math alphabet change to frozen version normal on input l
ine 125.
LaTeX Font Info:    No math alphabet change to frozen version normal on input l
ine 125.
LaTeX Font Info:    No math alphabet change to frozen version normal on input l
ine 126.
LaTeX Font Info:    No math alphabet change to frozen version normal on input l
ine 126.
LaTeX Font Info:    No math alphabet change to frozen version normal on input l
ine 127.
LaTeX Font Info:    No math alphabet change to frozen version normal on input l
ine 128.
LaTeX Font Info:    No math alphabet change to frozen version normal on input l
ine 133.
LaTeX Font Info:    No math alphabet change to frozen version normal on input l
ine 134.
LaTeX Font Info:    No math alphabet change to frozen version normal on input l
ine 136.

Overfull \hbox (12.52057pt too wide) in paragraph at lines 133--137
[]\T1/LinuxLibertineT-TLF/m/n/9 (-20) In the thresh-
 []

LaTeX Font Info:    No math alphabet change to frozen version normal on input l
ine 142.
LaTeX Font Info:    No math alphabet change to frozen version normal on input l
ine 142.
LaTeX Font Info:    No math alphabet change to frozen version normal on input l
ine 144.
LaTeX Font Info:    No math alphabet change to frozen version normal on input l
ine 145.
LaTeX Font Info:    No math alphabet change to frozen version normal on input l
ine 145.
LaTeX Font Info:    No math alphabet change to frozen version normal on input l
ine 146.
LaTeX Font Info:    No math alphabet change to frozen version normal on input l
ine 146.
LaTeX Font Info:    No math alphabet change to frozen version normal on input l
ine 149.
LaTeX Font Info:    Nested math: keeping math alphabet allocation in version no
rmal on input line 155.
LaTeX Font Info:    Nested math: keeping math alphabet allocation in version no
rmal on input line 155.

Overfull \hbox (19.21269pt too wide) detected at line 156
\U/ntxmia/m/it/9 ^^A[] = \OML/nxlmi/m/it/9 C \LMS/ntxsy/m/n/9 ^^@ \U/ntxsym/m/n
/9 E[] \U/ntxmia/m/it/9 = [] \LMS/ntxsy/m/n/9 ¹\OML/nxlmi/m/it/9 C \LMS/ntxsy/m
/n/9 ^^@ \OML/nxlmi/m/it/9 L\LMS/ntxsy/m/n/9 º \U/ntxmia/m/it/9 = \OML/nxlmi/m/
it/9 p\LMS/ntxsy/m/n/9 ¹\OT1/LinuxLibertineT-TLF/m/n/9 1 \LMS/ntxsy/m/n/9 ^^@ \
OML/nxlmi/m/it/9 p\LMS/ntxsy/m/n/9 º [] \U/ntxmia/m/it/9 = ^^B []\OML/nxlmi/m/i
t/9 p\LMS/ntxsy/m/n/9 ¹\OT1/LinuxLibertineT-TLF/m/n/9 1 \LMS/ntxsy/m/n/9 ^^@ \O
ML/nxlmi/m/it/9 p\LMS/ntxsy/m/n/9 º\OML/nxlmi/m/it/9 N[]:
 []

LaTeX Font Info:    No math alphabet change to frozen version normal on input l
ine 156.
LaTeX Font Info:    No math alphabet change to frozen version normal on input l
ine 157.
LaTeX Font Info:    No math alphabet change to frozen version normal on input l
ine 157.
LaTeX Font Info:    No math alphabet change to frozen version normal on input l
ine 157.
LaTeX Font Info:    No math alphabet change to frozen version normal on input l
ine 157.
LaTeX Font Info:    No math alphabet change to frozen version normal on input l
ine 158.
LaTeX Font Info:    No math alphabet change to frozen version normal on input l
ine 159.
LaTeX Font Info:    No math alphabet change to frozen version normal on input l
ine 167.
LaTeX Font Info:    No math alphabet change to frozen version normal on input l
ine 167.
LaTeX Font Info:    No math alphabet change to frozen version normal on input l
ine 168.
LaTeX Font Info:    No math alphabet change to frozen version normal on input l
ine 168.
LaTeX Font Info:    No math alphabet change to frozen version normal on input l
ine 169.
LaTeX Font Info:    No math alphabet change to frozen version normal on input l
ine 170.
LaTeX Font Info:    No math alphabet change to frozen version normal on input l
ine 171.
LaTeX Font Info:    No math alphabet change to frozen version normal on input l
ine 175.
LaTeX Font Info:    No math alphabet change to frozen version normal on input l
ine 176.
LaTeX Font Info:    No math alphabet change to frozen version normal on input l
ine 176.
LaTeX Font Info:    No math alphabet change to frozen version normal on input l
ine 176.
LaTeX Font Info:    No math alphabet change to frozen version normal on input l
ine 177.
LaTeX Font Info:    No math alphabet change to frozen version normal on input l
ine 178.
LaTeX Font Info:    No math alphabet change to frozen version normal on input l
ine 179.
LaTeX Font Info:    No math alphabet change to frozen version normal on input l
ine 179.
LaTeX Font Info:    No math alphabet change to frozen version normal on input l
ine 179.
LaTeX Font Info:    No math alphabet change to frozen version normal on input l
ine 179.
LaTeX Font Info:    No math alphabet change to frozen version normal on input l
ine 180.
LaTeX Font Info:    No math alphabet change to frozen version normal on input l
ine 180.
LaTeX Font Info:    No math alphabet change to frozen version normal on input l
ine 180.
LaTeX Font Info:    No math alphabet change to frozen version normal on input l
ine 180.
LaTeX Font Info:    No math alphabet change to frozen version normal on input l
ine 184.
LaTeX Font Info:    No math alphabet change to frozen version normal on input l
ine 185.
LaTeX Font Info:    No math alphabet change to frozen version normal on input l
ine 185.
LaTeX Font Info:    No math alphabet change to frozen version normal on input l
ine 186.
LaTeX Font Info:    No math alphabet change to frozen version normal on input l
ine 187.
LaTeX Font Info:    No math alphabet change to frozen version normal on input l
ine 187.
LaTeX Font Info:    No math alphabet change to frozen version normal on input l
ine 188.
LaTeX Font Info:    No math alphabet change to frozen version normal on input l
ine 188.
LaTeX Font Info:    No math alphabet change to frozen version normal on input l
ine 188.
) (appendix/supplement.tex [2.2]
LaTeX Font Info:    No math alphabet change to frozen version normal on input l
ine 14.
LaTeX Font Info:    No math alphabet change to frozen version normal on input l
ine 19.
LaTeX Font Info:    No math alphabet change to frozen version normal on input l
ine 20.
LaTeX Font Info:    No math alphabet change to frozen version normal on input l
ine 20.
LaTeX Font Info:    No math alphabet change to frozen version normal on input l
ine 20.
LaTeX Font Info:    No math alphabet change to frozen version normal on input l
ine 20.
LaTeX Font Info:    No math alphabet change to frozen version normal on input l
ine 21.
LaTeX Font Info:    No math alphabet change to frozen version normal on input l
ine 22.
LaTeX Font Info:    No math alphabet change to frozen version normal on input l
ine 22.
LaTeX Font Info:    No math alphabet change to frozen version normal on input l
ine 22.
LaTeX Font Info:    No math alphabet change to frozen version normal on input l
ine 23.
LaTeX Font Info:    No math alphabet change to frozen version normal on input l
ine 31.
 (figures/tikz_architecture.tex
LaTeX Font Info:    Font shape `T1/LinuxLibertineT-TLF/b/n' will be
(Font)              scaled to size 7.0pt on input line 76.
LaTeX Font Info:    Font shape `T1/LinuxLibertineT-TLF/m/n' will be
(Font)              scaled to size 6.0pt on input line 76.
LaTeX Font Info:    Font shape `OT1/LinuxLibertineT-TLF/m/n' will be
(Font)              scaled to size 6.5pt on input line 76.
LaTeX Font Info:    Font shape `OML/nxlmi/m/it' will be
(Font)              scaled to size 6.5pt on input line 76.
LaTeX Font Info:    Font shape `LMS/ntxsy/m/n' will be
(Font)              scaled to size 6.5pt on input line 76.
LaTeX Font Info:    Font shape `LMX/ntxexx/m/n' will be
(Font)              scaled to size 6.5pt on input line 76.
LaTeX Font Info:    Font shape `U/ntxmia/m/it' will be
(Font)              scaled to size 6.5pt on input line 76.
LaTeX Font Info:    Font shape `U/ntxsym/m/n' will be
(Font)              scaled to size 6.5pt on input line 76.
LaTeX Font Info:    Font shape `U/ntxsyc/m/n' will be
(Font)              scaled to size 6.5pt on input line 76.
LaTeX Font Info:    Font shape `U/ntxexa/m/n' will be
(Font)              scaled to size 6.5pt on input line 76.
LaTeX Font Info:    Font shape `OT1/LinuxLibertineT-TLF/sb/n' will be
(Font)              scaled to size 6.5pt on input line 76.
LaTeX Font Info:    Font shape `OML/nxlmi/b/it' will be
(Font)              scaled to size 6.5pt on input line 76.
LaTeX Font Info:    Font shape `LMS/ntxsy/b/n' will be
(Font)              scaled to size 6.5pt on input line 76.
LaTeX Font Info:    Font shape `LMX/ntxexx/b/n' will be
(Font)              scaled to size 6.5pt on input line 76.
LaTeX Font Info:    No math alphabet change to frozen version normal on input l
ine 76.
LaTeX Font Info:    No math alphabet change to frozen version normal on input l
ine 76.
LaTeX Font Info:    No math alphabet change to frozen version normal on input l
ine 76.
LaTeX Font Info:    Font shape `OT1/LinuxLibertineT-TLF/m/n' will be
(Font)              scaled to size 8.0pt on input line 76.
LaTeX Font Info:    Font shape `OT1/LinuxLibertineT-TLF/m/n' will be
(Font)              scaled to size 6.0pt on input line 76.
LaTeX Font Info:    Font shape `OML/nxlmi/m/it' will be
(Font)              scaled to size 8.0pt on input line 76.
LaTeX Font Info:    Font shape `OML/nxlmi/m/it' will be
(Font)              scaled to size 6.0pt on input line 76.
LaTeX Font Info:    Font shape `LMS/ntxsy/m/n' will be
(Font)              scaled to size 8.0pt on input line 76.
LaTeX Font Info:    Font shape `LMS/ntxsy/m/n' will be
(Font)              scaled to size 6.0pt on input line 76.
LaTeX Font Info:    Font shape `LMX/ntxexx/m/n' will be
(Font)              scaled to size 8.0pt on input line 76.
LaTeX Font Info:    Font shape `LMX/ntxexx/m/n' will be
(Font)              scaled to size 6.0pt on input line 76.
LaTeX Font Info:    Font shape `U/ntxmia/m/it' will be
(Font)              scaled to size 8.0pt on input line 76.
LaTeX Font Info:    Font shape `U/ntxmia/m/it' will be
(Font)              scaled to size 6.0pt on input line 76.
LaTeX Font Info:    Font shape `U/ntxsym/m/n' will be
(Font)              scaled to size 8.0pt on input line 76.
LaTeX Font Info:    Font shape `U/ntxsym/m/n' will be
(Font)              scaled to size 6.0pt on input line 76.
LaTeX Font Info:    Font shape `U/ntxsyc/m/n' will be
(Font)              scaled to size 8.0pt on input line 76.
LaTeX Font Info:    Font shape `U/ntxsyc/m/n' will be
(Font)              scaled to size 6.0pt on input line 76.
LaTeX Font Info:    Font shape `U/ntxexa/m/n' will be
(Font)              scaled to size 8.0pt on input line 76.
LaTeX Font Info:    Font shape `U/ntxexa/m/n' will be
(Font)              scaled to size 6.0pt on input line 76.
LaTeX Font Info:    Font shape `OT1/LinuxLibertineT-TLF/sb/n' will be
(Font)              scaled to size 8.0pt on input line 76.
LaTeX Font Info:    Font shape `OT1/LinuxLibertineT-TLF/sb/n' will be
(Font)              scaled to size 6.0pt on input line 76.
LaTeX Font Info:    Font shape `OML/nxlmi/b/it' will be
(Font)              scaled to size 8.0pt on input line 76.
LaTeX Font Info:    Font shape `OML/nxlmi/b/it' will be
(Font)              scaled to size 6.0pt on input line 76.
LaTeX Font Info:    Font shape `LMS/ntxsy/b/n' will be
(Font)              scaled to size 8.0pt on input line 76.
LaTeX Font Info:    Font shape `LMS/ntxsy/b/n' will be
(Font)              scaled to size 6.0pt on input line 76.
LaTeX Font Info:    Font shape `LMX/ntxexx/b/n' will be
(Font)              scaled to size 8.0pt on input line 76.
LaTeX Font Info:    Font shape `LMX/ntxexx/b/n' will be
(Font)              scaled to size 6.0pt on input line 76.
LaTeX Font Info:    No math alphabet change to frozen version normal on input l
ine 76.
LaTeX Font Info:    Font shape `OT1/LinuxBiolinumT-TLF/m/n' will be
(Font)              scaled to size 6.5pt on input line 76.
LaTeX Font Info:    Undo math alphabet allocation in version normal on input li
ne 76.

Overfull \hbox (17.26433pt too wide) in paragraph at lines 76--76
 []$\OML/nxlmi/m/it/6.5 ^^L; []; []; []; []; []; []$[] 
 []

LaTeX Font Info:    No math alphabet change to frozen version normal on input l
ine 76.
LaTeX Font Info:    No math alphabet change to frozen version normal on input l
ine 76.
LaTeX Font Info:    Font shape `OT1/LinuxBiolinumT-TLF/m/n' will be
(Font)              scaled to size 8.0pt on input line 76.
LaTeX Font Info:    Font shape `OT1/LinuxBiolinumT-TLF/m/n' will be
(Font)              scaled to size 6.0pt on input line 76.
LaTeX Font Info:    Undo math alphabet allocation in version normal on input li
ne 76.
LaTeX Font Info:    No math alphabet change to frozen version normal on input l
ine 76.
LaTeX Font Info:    No math alphabet change to frozen version normal on input l
ine 76.
LaTeX Font Info:    Font shape `T1/LinuxLibertineT-TLF/m/it' will be
(Font)              scaled to size 6.0pt on input line 76.
LaTeX Font Info:    No math alphabet change to frozen version normal on input l
ine 76.
LaTeX Font Info:    Font shape `T1/LinuxLibertineT-TLF/b/sc' will be
(Font)              scaled to size 9.0pt on input line 85.
LaTeX Font Info:    Font shape `T1/LinuxLibertineT-TLF/b/it' will be
(Font)              scaled to size 9.0pt on input line 85.
LaTeX Font Info:    No math alphabet change to frozen version normal on input l
ine 85.
LaTeX Font Info:    No math alphabet change to frozen version normal on input l
ine 85.
LaTeX Font Info:    No math alphabet change to frozen version normal on input l
ine 85.
LaTeX Font Info:    No math alphabet change to frozen version normal on input l
ine 85.
LaTeX Font Info:    No math alphabet change to frozen version normal on input l
ine 85.
LaTeX Font Info:    No math alphabet change to frozen version normal on input l
ine 85.
)
LaTeX Font Info:    Nested math: keeping math alphabet allocation in version no
rmal on input line 64.
LaTeX Font Info:    Nested math: keeping math alphabet allocation in version no
rmal on input line 64.
LaTeX Font Info:    Nested math: keeping math alphabet allocation in version no
rmal on input line 64.
LaTeX Font Info:    Nested math: keeping math alphabet allocation in version no
rmal on input line 65.
LaTeX Font Info:    Nested math: keeping math alphabet allocation in version no
rmal on input line 65.
LaTeX Font Info:    Nested math: keeping math alphabet allocation in version no
rmal on input line 65.
LaTeX Font Info:    Nested math: keeping math alphabet allocation in version no
rmal on input line 66.
LaTeX Font Info:    Nested math: keeping math alphabet allocation in version no
rmal on input line 67.
LaTeX Font Info:    Nested math: keeping math alphabet allocation in version no
rmal on input line 67.
LaTeX Font Info:    Nested math: keeping math alphabet allocation in version no
rmal on input line 67.
LaTeX Font Info:    Nested math: keeping math alphabet allocation in version no
rmal on input line 68.
LaTeX Font Info:    Nested math: keeping math alphabet allocation in version no
rmal on input line 68.
LaTeX Font Info:    Nested math: keeping math alphabet allocation in version no
rmal on input line 68.
LaTeX Font Info:    Nested math: keeping math alphabet allocation in version no
rmal on input line 69.
LaTeX Font Info:    Nested math: keeping math alphabet allocation in version no
rmal on input line 69.
LaTeX Font Info:    Nested math: keeping math alphabet allocation in version no
rmal on input line 70.
LaTeX Font Info:    Nested math: keeping math alphabet allocation in version no
rmal on input line 71.
LaTeX Font Info:    Nested math: keeping math alphabet allocation in version no
rmal on input line 72.
LaTeX Font Info:    Nested math: keeping math alphabet allocation in version no
rmal on input line 72.
LaTeX Font Info:    Nested math: keeping math alphabet allocation in version no
rmal on input line 73.
LaTeX Font Info:    Nested math: keeping math alphabet allocation in version no
rmal on input line 73.
LaTeX Font Info:    Nested math: keeping math alphabet allocation in version no
rmal on input line 74.
LaTeX Font Info:    Nested math: keeping math alphabet allocation in version no
rmal on input line 75.
LaTeX Font Info:    Nested math: keeping math alphabet allocation in version no
rmal on input line 76.
LaTeX Font Info:    Nested math: keeping math alphabet allocation in version no
rmal on input line 76.
LaTeX Font Info:    Nested math: keeping math alphabet allocation in version no
rmal on input line 77.
LaTeX Font Info:    Nested math: keeping math alphabet allocation in version no
rmal on input line 78.
LaTeX Font Info:    Nested math: keeping math alphabet allocation in version no
rmal on input line 79.
LaTeX Font Info:    Nested math: keeping math alphabet allocation in version no
rmal on input line 80.
LaTeX Font Info:    Nested math: keeping math alphabet allocation in version no
rmal on input line 81.
LaTeX Font Info:    Nested math: keeping math alphabet allocation in version no
rmal on input line 82.
LaTeX Font Info:    Nested math: keeping math alphabet allocation in version no
rmal on input line 82.
LaTeX Font Info:    Undo math alphabet allocation in version normal on input li
ne 84.
LaTeX Font Info:    No math alphabet change to frozen version normal on input l
ine 88.
LaTeX Font Info:    No math alphabet change to frozen version normal on input l
ine 89.
LaTeX Font Info:    No math alphabet change to frozen version normal on input l
ine 89.
LaTeX Font Info:    No math alphabet change to frozen version normal on input l
ine 90.
LaTeX Font Info:    No math alphabet change to frozen version normal on input l
ine 90.
LaTeX Font Info:    No math alphabet change to frozen version normal on input l
ine 90.
LaTeX Font Info:    No math alphabet change to frozen version normal on input l
ine 91.
LaTeX Font Info:    No math alphabet change to frozen version normal on input l
ine 92.
LaTeX Font Info:    No math alphabet change to frozen version normal on input l
ine 93.
LaTeX Font Info:    No math alphabet change to frozen version normal on input l
ine 93.
LaTeX Font Info:    No math alphabet change to frozen version normal on input l
ine 94.
LaTeX Font Info:    No math alphabet change to frozen version normal on input l
ine 94.

Underfull \vbox (badness 10000) has occurred while \output is active []

LaTeX Font Info:    No math alphabet change to frozen version normal on input l
ine 103.
LaTeX Font Info:    No math alphabet change to frozen version normal on input l
ine 103.
LaTeX Font Info:    No math alphabet change to frozen version normal on input l
ine 103.
LaTeX Font Info:    No math alphabet change to frozen version normal on input l
ine 103.
LaTeX Font Info:    No math alphabet change to frozen version normal on input l
ine 103.
LaTeX Font Info:    No math alphabet change to frozen version normal on input l
ine 103.
LaTeX Font Info:    Nested math: keeping math alphabet allocation in version no
rmal on input line 109.
LaTeX Font Info:    Nested math: keeping math alphabet allocation in version no
rmal on input line 109.
LaTeX Font Info:    Nested math: keeping math alphabet allocation in version no
rmal on input line 109.
LaTeX Font Info:    Nested math: keeping math alphabet allocation in version no
rmal on input line 119.
LaTeX Font Info:    Nested math: keeping math alphabet allocation in version no
rmal on input line 119.
LaTeX Font Info:    Nested math: keeping math alphabet allocation in version no
rmal on input line 119.
LaTeX Font Info:    Nested math: keeping math alphabet allocation in version no
rmal on input line 119.
LaTeX Font Info:    Nested math: keeping math alphabet allocation in version no
rmal on input line 119.
LaTeX Font Info:    No math alphabet change to frozen version normal on input l
ine 120.
LaTeX Font Info:    No math alphabet change to frozen version normal on input l
ine 125.
LaTeX Font Info:    No math alphabet change to frozen version normal on input l
ine 125.
LaTeX Font Info:    No math alphabet change to frozen version normal on input l
ine 125.
LaTeX Font Info:    No math alphabet change to frozen version normal on input l
ine 126.
LaTeX Font Info:    No math alphabet change to frozen version normal on input l
ine 126.
LaTeX Font Info:    No math alphabet change to frozen version normal on input l
ine 127.
LaTeX Font Info:    No math alphabet change to frozen version normal on input l
ine 128.
LaTeX Font Info:    No math alphabet change to frozen version normal on input l
ine 128.
LaTeX Font Info:    No math alphabet change to frozen version normal on input l
ine 129.
LaTeX Font Info:    No math alphabet change to frozen version normal on input l
ine 130.
LaTeX Font Info:    No math alphabet change to frozen version normal on input l
ine 131.
LaTeX Font Info:    No math alphabet change to frozen version normal on input l
ine 131.
LaTeX Font Info:    No math alphabet change to frozen version normal on input l
ine 132.
LaTeX Font Info:    No math alphabet change to frozen version normal on input l
ine 132.
LaTeX Font Info:    No math alphabet change to frozen version normal on input l
ine 132.
LaTeX Font Info:    No math alphabet change to frozen version normal on input l
ine 133.
LaTeX Font Info:    No math alphabet change to frozen version normal on input l
ine 133.
 [3.3]
LaTeX Font Info:    No math alphabet change to frozen version normal on input l
ine 142.
LaTeX Font Info:    No math alphabet change to frozen version normal on input l
ine 142.
LaTeX Font Info:    No math alphabet change to frozen version normal on input l
ine 142.
LaTeX Font Info:    No math alphabet change to frozen version normal on input l
ine 142.
LaTeX Font Info:    No math alphabet change to frozen version normal on input l
ine 142.
LaTeX Font Info:    No math alphabet change to frozen version normal on input l
ine 142.
LaTeX Font Info:    No math alphabet change to frozen version normal on input l
ine 142.
LaTeX Font Info:    No math alphabet change to frozen version normal on input l
ine 142.
LaTeX Font Info:    No math alphabet change to frozen version normal on input l
ine 142.
LaTeX Font Info:    No math alphabet change to frozen version normal on input l
ine 142.
LaTeX Font Info:    No math alphabet change to frozen version normal on input l
ine 142.
LaTeX Font Info:    No math alphabet change to frozen version normal on input l
ine 142.
LaTeX Font Info:    No math alphabet change to frozen version normal on input l
ine 142.
LaTeX Font Info:    No math alphabet change to frozen version normal on input l
ine 142.
LaTeX Font Info:    No math alphabet change to frozen version normal on input l
ine 142.
LaTeX Font Info:    No math alphabet change to frozen version normal on input l
ine 142.
LaTeX Font Info:    Nested math: keeping math alphabet allocation in version no
rmal on input line 150.
LaTeX Font Info:    Nested math: keeping math alphabet allocation in version no
rmal on input line 151.
LaTeX Font Info:    Nested math: keeping math alphabet allocation in version no
rmal on input line 152.
LaTeX Font Info:    Nested math: keeping math alphabet allocation in version no
rmal on input line 153.
LaTeX Font Info:    No math alphabet change to frozen version normal on input l
ine 155.
)
(appendix/additional_experiments.tex
LaTeX Font Info:    No math alphabet change to frozen version normal on input l
ine 7.
LaTeX Font Info:    No math alphabet change to frozen version normal on input l
ine 7.
LaTeX Font Info:    No math alphabet change to frozen version normal on input l
ine 12.
LaTeX Font Info:    No math alphabet change to frozen version normal on input l
ine 15.
LaTeX Font Info:    No math alphabet change to frozen version normal on input l
ine 15.
LaTeX Font Info:    No math alphabet change to frozen version normal on input l
ine 16.
LaTeX Font Info:    No math alphabet change to frozen version normal on input l
ine 16.
LaTeX Font Info:    No math alphabet change to frozen version normal on input l
ine 25.
LaTeX Font Info:    No math alphabet change to frozen version normal on input l
ine 25.
LaTeX Font Info:    No math alphabet change to frozen version normal on input l
ine 25.
LaTeX Font Info:    No math alphabet change to frozen version normal on input l
ine 25.
LaTeX Font Info:    No math alphabet change to frozen version normal on input l
ine 25.
LaTeX Font Info:    No math alphabet change to frozen version normal on input l
ine 25.
LaTeX Font Info:    No math alphabet change to frozen version normal on input l
ine 25.
LaTeX Font Info:    No math alphabet change to frozen version normal on input l
ine 25.
LaTeX Font Info:    No math alphabet change to frozen version normal on input l
ine 25.
LaTeX Font Info:    No math alphabet change to frozen version normal on input l
ine 25.
LaTeX Font Info:    No math alphabet change to frozen version normal on input l
ine 25.
LaTeX Font Info:    No math alphabet change to frozen version normal on input l
ine 25.
LaTeX Font Info:    No math alphabet change to frozen version normal on input l
ine 25.
LaTeX Font Info:    No math alphabet change to frozen version normal on input l
ine 25.
LaTeX Font Info:    No math alphabet change to frozen version normal on input l
ine 25.
LaTeX Font Info:    No math alphabet change to frozen version normal on input l
ine 25.
LaTeX Font Info:    No math alphabet change to frozen version normal on input l
ine 25.
LaTeX Font Info:    No math alphabet change to frozen version normal on input l
ine 25.
LaTeX Font Info:    No math alphabet change to frozen version normal on input l
ine 25.
LaTeX Font Info:    No math alphabet change to frozen version normal on input l
ine 25.
LaTeX Font Info:    Nested math: keeping math alphabet allocation in version no
rmal on input line 33.
LaTeX Font Info:    Nested math: keeping math alphabet allocation in version no
rmal on input line 33.
LaTeX Font Info:    Nested math: keeping math alphabet allocation in version no
rmal on input line 33.
LaTeX Font Info:    Nested math: keeping math alphabet allocation in version no
rmal on input line 33.
LaTeX Font Info:    Nested math: keeping math alphabet allocation in version no
rmal on input line 33.
LaTeX Font Info:    Nested math: keeping math alphabet allocation in version no
rmal on input line 33.
LaTeX Font Info:    Nested math: keeping math alphabet allocation in version no
rmal on input line 45.
LaTeX Font Info:    Nested math: keeping math alphabet allocation in version no
rmal on input line 45.
LaTeX Font Info:    Nested math: keeping math alphabet allocation in version no
rmal on input line 45.
LaTeX Font Info:    Nested math: keeping math alphabet allocation in version no
rmal on input line 45.
LaTeX Font Info:    No math alphabet change to frozen version normal on input l
ine 46.
LaTeX Font Info:    No math alphabet change to frozen version normal on input l
ine 51.
LaTeX Font Info:    No math alphabet change to frozen version normal on input l
ine 51.
LaTeX Font Info:    No math alphabet change to frozen version normal on input l
ine 52.
LaTeX Font Info:    No math alphabet change to frozen version normal on input l
ine 52.
LaTeX Font Info:    No math alphabet change to frozen version normal on input l
ine 53.
 [4.4{C:/Users/Lenovo/AppData/Local/Programs/MiKTeX/fonts/enc/dvips/libertine/l
btn_tlukpt.enc}{C:/Users/Lenovo/AppData/Local/Programs/MiKTeX/fonts/enc/dvips/l
ibertine/lbtn_ki75ao.enc}]
LaTeX Font Info:    No math alphabet change to frozen version normal on input l
ine 54.
LaTeX Font Info:    Nested math: keeping math alphabet allocation in version no
rmal on input line 55.
LaTeX Font Info:    No math alphabet change to frozen version normal on input l
ine 55.
LaTeX Font Info:    No math alphabet change to frozen version normal on input l
ine 55.
LaTeX Font Info:    No math alphabet change to frozen version normal on input l
ine 56.
LaTeX Font Info:    No math alphabet change to frozen version normal on input l
ine 57.
LaTeX Font Info:    No math alphabet change to frozen version normal on input l
ine 59.
LaTeX Font Info:    No math alphabet change to frozen version normal on input l
ine 60.
LaTeX Font Info:    No math alphabet change to frozen version normal on input l
ine 61.
LaTeX Font Info:    No math alphabet change to frozen version normal on input l
ine 62.
LaTeX Font Info:    No math alphabet change to frozen version normal on input l
ine 80.
LaTeX Font Info:    No math alphabet change to frozen version normal on input l
ine 80.
LaTeX Font Info:    No math alphabet change to frozen version normal on input l
ine 80.
LaTeX Font Info:    No math alphabet change to frozen version normal on input l
ine 80.
LaTeX Font Info:    No math alphabet change to frozen version normal on input l
ine 80.
LaTeX Font Info:    No math alphabet change to frozen version normal on input l
ine 80.
LaTeX Font Info:    No math alphabet change to frozen version normal on input l
ine 80.
LaTeX Font Info:    No math alphabet change to frozen version normal on input l
ine 80.
LaTeX Font Info:    No math alphabet change to frozen version normal on input l
ine 80.
LaTeX Font Info:    No math alphabet change to frozen version normal on input l
ine 80.
LaTeX Font Info:    No math alphabet change to frozen version normal on input l
ine 80.
LaTeX Font Info:    No math alphabet change to frozen version normal on input l
ine 80.
LaTeX Font Info:    Nested math: keeping math alphabet allocation in version no
rmal on input line 86.
LaTeX Font Info:    Nested math: keeping math alphabet allocation in version no
rmal on input line 86.
LaTeX Font Info:    Nested math: keeping math alphabet allocation in version no
rmal on input line 86.
LaTeX Font Info:    Nested math: keeping math alphabet allocation in version no
rmal on input line 86.
LaTeX Font Info:    Nested math: keeping math alphabet allocation in version no
rmal on input line 96.
LaTeX Font Info:    Nested math: keeping math alphabet allocation in version no
rmal on input line 96.
LaTeX Font Info:    Nested math: keeping math alphabet allocation in version no
rmal on input line 96.
LaTeX Font Info:    Nested math: keeping math alphabet allocation in version no
rmal on input line 96.
LaTeX Font Info:    No math alphabet change to frozen version normal on input l
ine 97.
LaTeX Font Info:    No math alphabet change to frozen version normal on input l
ine 105.
LaTeX Font Info:    No math alphabet change to frozen version normal on input l
ine 105.
LaTeX Font Info:    No math alphabet change to frozen version normal on input l
ine 105.
LaTeX Font Info:    No math alphabet change to frozen version normal on input l
ine 105.
LaTeX Font Info:    No math alphabet change to frozen version normal on input l
ine 105.
LaTeX Font Info:    No math alphabet change to frozen version normal on input l
ine 105.
LaTeX Font Info:    No math alphabet change to frozen version normal on input l
ine 105.
LaTeX Font Info:    No math alphabet change to frozen version normal on input l
ine 105.
LaTeX Font Info:    No math alphabet change to frozen version normal on input l
ine 105.
LaTeX Font Info:    No math alphabet change to frozen version normal on input l
ine 105.
LaTeX Font Info:    No math alphabet change to frozen version normal on input l
ine 105.
LaTeX Font Info:    No math alphabet change to frozen version normal on input l
ine 105.
LaTeX Font Info:    No math alphabet change to frozen version normal on input l
ine 105.
LaTeX Font Info:    No math alphabet change to frozen version normal on input l
ine 105.
LaTeX Font Info:    No math alphabet change to frozen version normal on input l
ine 105.
LaTeX Font Info:    No math alphabet change to frozen version normal on input l
ine 105.
LaTeX Font Info:    Nested math: keeping math alphabet allocation in version no
rmal on input line 113.
LaTeX Font Info:    Nested math: keeping math alphabet allocation in version no
rmal on input line 113.
LaTeX Font Info:    Nested math: keeping math alphabet allocation in version no
rmal on input line 113.
LaTeX Font Info:    Nested math: keeping math alphabet allocation in version no
rmal on input line 113.
LaTeX Font Info:    Nested math: keeping math alphabet allocation in version no
rmal on input line 115.
LaTeX Font Info:    Nested math: keeping math alphabet allocation in version no
rmal on input line 116.
LaTeX Font Info:    Nested math: keeping math alphabet allocation in version no
rmal on input line 117.
LaTeX Font Info:    Nested math: keeping math alphabet allocation in version no
rmal on input line 118.
LaTeX Font Info:    Nested math: keeping math alphabet allocation in version no
rmal on input line 122.
LaTeX Font Info:    Nested math: keeping math alphabet allocation in version no
rmal on input line 122.
LaTeX Font Info:    Nested math: keeping math alphabet allocation in version no
rmal on input line 122.
LaTeX Font Info:    Nested math: keeping math alphabet allocation in version no
rmal on input line 122.
LaTeX Font Info:    Nested math: keeping math alphabet allocation in version no
rmal on input line 122.
LaTeX Font Info:    Nested math: keeping math alphabet allocation in version no
rmal on input line 122.
LaTeX Font Info:    No math alphabet change to frozen version normal on input l
ine 123.
LaTeX Font Info:    No math alphabet change to frozen version normal on input l
ine 126.
LaTeX Font Info:    No math alphabet change to frozen version normal on input l
ine 129.
LaTeX Font Info:    No math alphabet change to frozen version normal on input l
ine 130.
LaTeX Font Info:    No math alphabet change to frozen version normal on input l
ine 130.
LaTeX Font Info:    No math alphabet change to frozen version normal on input l
ine 130.
LaTeX Font Info:    No math alphabet change to frozen version normal on input l
ine 131.
LaTeX Font Info:    No math alphabet change to frozen version normal on input l
ine 131.
LaTeX Font Info:    No math alphabet change to frozen version normal on input l
ine 131.
LaTeX Font Info:    No math alphabet change to frozen version normal on input l
ine 131.
LaTeX Font Info:    No math alphabet change to frozen version normal on input l
ine 132.
LaTeX Font Info:    No math alphabet change to frozen version normal on input l
ine 132.
LaTeX Font Info:    No math alphabet change to frozen version normal on input l
ine 133.
LaTeX Font Info:    No math alphabet change to frozen version normal on input l
ine 135.
LaTeX Font Info:    No math alphabet change to frozen version normal on input l
ine 135.
LaTeX Font Info:    No math alphabet change to frozen version normal on input l
ine 146.
LaTeX Font Info:    No math alphabet change to frozen version normal on input l
ine 146.
LaTeX Font Info:    No math alphabet change to frozen version normal on input l
ine 146.
LaTeX Font Info:    Trying to load font information for T1+zi4 on input line 14
6.

(C:\Users\Lenovo\AppData\Local\Programs\MiKTeX\tex/latex/inconsolata\t1zi4.fd
File: t1zi4.fd 2018/01/14 T1/zi4 (Inconsolata)
)
LaTeX Font Info:    Font shape `T1/zi4/b/n' will be
(Font)              scaled to size 9.0pt on input line 146.
Package microtype Info: Loading generic protrusion settings for font family
(microtype)             `zi4' (encoding: T1).
(microtype)             For optimal results, create family-specific settings.
(microtype)             See the microtype manual for details.
LaTeX Font Info:    No math alphabet change to frozen version normal on input l
ine 146.
LaTeX Font Info:    No math alphabet change to frozen version normal on input l
ine 146.
LaTeX Font Info:    No math alphabet change to frozen version normal on input l
ine 146.
LaTeX Font Info:    No math alphabet change to frozen version normal on input l
ine 146.
LaTeX Font Info:    No math alphabet change to frozen version normal on input l
ine 146.
LaTeX Font Info:    No math alphabet change to frozen version normal on input l
ine 146.
LaTeX Font Info:    No math alphabet change to frozen version normal on input l
ine 146.
LaTeX Font Info:    No math alphabet change to frozen version normal on input l
ine 146.
LaTeX Font Info:    No math alphabet change to frozen version normal on input l
ine 146.
LaTeX Font Info:    No math alphabet change to frozen version normal on input l
ine 146.
LaTeX Font Info:    No math alphabet change to frozen version normal on input l
ine 146.
LaTeX Font Info:    No math alphabet change to frozen version normal on input l
ine 146.
LaTeX Font Info:    No math alphabet change to frozen version normal on input l
ine 146.
LaTeX Font Info:    No math alphabet change to frozen version normal on input l
ine 146.
LaTeX Font Info:    No math alphabet change to frozen version normal on input l
ine 146.
LaTeX Font Info:    No math alphabet change to frozen version normal on input l
ine 146.
LaTeX Font Info:    No math alphabet change to frozen version normal on input l
ine 146.
LaTeX Font Info:    Nested math: keeping math alphabet allocation in version no
rmal on input line 152.
LaTeX Font Info:    Nested math: keeping math alphabet allocation in version no
rmal on input line 152.
LaTeX Font Info:    Nested math: keeping math alphabet allocation in version no
rmal on input line 152.
LaTeX Font Info:    Nested math: keeping math alphabet allocation in version no
rmal on input line 152.
LaTeX Font Info:    Nested math: keeping math alphabet allocation in version no
rmal on input line 154.
LaTeX Font Info:    Nested math: keeping math alphabet allocation in version no
rmal on input line 154.
LaTeX Font Info:    Nested math: keeping math alphabet allocation in version no
rmal on input line 156.
LaTeX Font Info:    Nested math: keeping math alphabet allocation in version no
rmal on input line 157.
LaTeX Font Info:    Nested math: keeping math alphabet allocation in version no
rmal on input line 158.
LaTeX Font Info:    Nested math: keeping math alphabet allocation in version no
rmal on input line 159.
LaTeX Font Info:    Nested math: keeping math alphabet allocation in version no
rmal on input line 160.
LaTeX Font Info:    Font shape `T1/zi4/m/n' will be
(Font)              scaled to size 7.0pt on input line 167.
LaTeX Font Info:    Nested math: keeping math alphabet allocation in version no
rmal on input line 167.
LaTeX Font Info:    Nested math: keeping math alphabet allocation in version no
rmal on input line 167.
LaTeX Font Info:    Nested math: keeping math alphabet allocation in version no
rmal on input line 167.
LaTeX Font Info:    Nested math: keeping math alphabet allocation in version no
rmal on input line 167.
LaTeX Font Info:    Nested math: keeping math alphabet allocation in version no
rmal on input line 167.
LaTeX Font Info:    Nested math: keeping math alphabet allocation in version no
rmal on input line 167.
LaTeX Font Info:    Nested math: keeping math alphabet allocation in version no
rmal on input line 167.
LaTeX Font Info:    Nested math: keeping math alphabet allocation in version no
rmal on input line 167.
LaTeX Font Info:    No math alphabet change to frozen version normal on input l
ine 168.

Overfull \hbox (64.11833pt too wide) in paragraph at lines 150--169
 [][] 
 []

LaTeX Font Info:    No math alphabet change to frozen version normal on input l
ine 172.
LaTeX Font Info:    No math alphabet change to frozen version normal on input l
ine 173.
LaTeX Font Info:    No math alphabet change to frozen version normal on input l
ine 173.
LaTeX Font Info:    No math alphabet change to frozen version normal on input l
ine 174.
LaTeX Font Info:    No math alphabet change to frozen version normal on input l
ine 174.
LaTeX Font Info:    No math alphabet change to frozen version normal on input l
ine 174.
LaTeX Font Info:    No math alphabet change to frozen version normal on input l
ine 175.
LaTeX Font Info:    No math alphabet change to frozen version normal on input l
ine 176.
LaTeX Font Info:    Nested math: keeping math alphabet allocation in version no
rmal on input line 178.
LaTeX Font Info:    Nested math: keeping math alphabet allocation in version no
rmal on input line 178.
LaTeX Font Info:    No math alphabet change to frozen version normal on input l
ine 178.
LaTeX Font Info:    No math alphabet change to frozen version normal on input l
ine 186.
LaTeX Font Info:    No math alphabet change to frozen version normal on input l
ine 186.
LaTeX Font Info:    No math alphabet change to frozen version normal on input l
ine 186.
LaTeX Font Info:    No math alphabet change to frozen version normal on input l
ine 186.
LaTeX Font Info:    No math alphabet change to frozen version normal on input l
ine 186.
LaTeX Font Info:    No math alphabet change to frozen version normal on input l
ine 186.
LaTeX Font Info:    No math alphabet change to frozen version normal on input l
ine 186.
LaTeX Font Info:    No math alphabet change to frozen version normal on input l
ine 186.
LaTeX Font Info:    No math alphabet change to frozen version normal on input l
ine 186.
LaTeX Font Info:    No math alphabet change to frozen version normal on input l
ine 186.
LaTeX Font Info:    Nested math: keeping math alphabet allocation in version no
rmal on input line 192.
LaTeX Font Info:    Nested math: keeping math alphabet allocation in version no
rmal on input line 192.
LaTeX Font Info:    Nested math: keeping math alphabet allocation in version no
rmal on input line 192.
LaTeX Font Info:    Nested math: keeping math alphabet allocation in version no
rmal on input line 200.
LaTeX Font Info:    Nested math: keeping math alphabet allocation in version no
rmal on input line 200.
LaTeX Font Info:    Nested math: keeping math alphabet allocation in version no
rmal on input line 200.
LaTeX Font Info:    Nested math: keeping math alphabet allocation in version no
rmal on input line 200.
LaTeX Font Info:    No math alphabet change to frozen version normal on input l
ine 201.

Overfull \hbox (3.32478pt too wide) in paragraph at lines 190--202
 [][] 
 []

LaTeX Font Info:    No math alphabet change to frozen version normal on input l
ine 207.
LaTeX Font Info:    No math alphabet change to frozen version normal on input l
ine 207.
LaTeX Font Info:    No math alphabet change to frozen version normal on input l
ine 207.
LaTeX Font Info:    No math alphabet change to frozen version normal on input l
ine 208.
LaTeX Font Info:    No math alphabet change to frozen version normal on input l
ine 208.
LaTeX Font Info:    No math alphabet change to frozen version normal on input l
ine 208.
LaTeX Font Info:    No math alphabet change to frozen version normal on input l
ine 208.
LaTeX Font Info:    Font shape `T1/zi4/m/n' will be
(Font)              scaled to size 9.0pt on input line 209.
LaTeX Font Info:    No math alphabet change to frozen version normal on input l
ine 210.
LaTeX Font Info:    No math alphabet change to frozen version normal on input l
ine 210.
LaTeX Font Info:    No math alphabet change to frozen version normal on input l
ine 210.
LaTeX Font Info:    No math alphabet change to frozen version normal on input l
ine 210.
LaTeX Font Info:    No math alphabet change to frozen version normal on input l
ine 211.
LaTeX Font Info:    No math alphabet change to frozen version normal on input l
ine 211.
LaTeX Font Info:    No math alphabet change to frozen version normal on input l
ine 211.
LaTeX Font Info:    No math alphabet change to frozen version normal on input l
ine 211.
LaTeX Font Info:    No math alphabet change to frozen version normal on input l
ine 211.
LaTeX Font Info:    No math alphabet change to frozen version normal on input l
ine 219.
LaTeX Font Info:    No math alphabet change to frozen version normal on input l
ine 219.
[5.5{C:/Users/Lenovo/AppData/Local/Programs/MiKTeX/fonts/enc/dvips/inconsolata/
i4-t1-4.enc}]
LaTeX Font Info:    No math alphabet change to frozen version normal on input l
ine 238.
LaTeX Font Info:    No math alphabet change to frozen version normal on input l
ine 238.
LaTeX Font Info:    No math alphabet change to frozen version normal on input l
ine 238.
LaTeX Font Info:    No math alphabet change to frozen version normal on input l
ine 238.
LaTeX Font Info:    No math alphabet change to frozen version normal on input l
ine 238.
LaTeX Font Info:    No math alphabet change to frozen version normal on input l
ine 238.
LaTeX Font Info:    No math alphabet change to frozen version normal on input l
ine 238.
LaTeX Font Info:    No math alphabet change to frozen version normal on input l
ine 238.
LaTeX Font Info:    No math alphabet change to frozen version normal on input l
ine 238.
LaTeX Font Info:    No math alphabet change to frozen version normal on input l
ine 238.
LaTeX Font Info:    No math alphabet change to frozen version normal on input l
ine 238.
LaTeX Font Info:    No math alphabet change to frozen version normal on input l
ine 238.
LaTeX Font Info:    No math alphabet change to frozen version normal on input l
ine 238.
LaTeX Font Info:    No math alphabet change to frozen version normal on input l
ine 238.
LaTeX Font Info:    No math alphabet change to frozen version normal on input l
ine 238.
LaTeX Font Info:    No math alphabet change to frozen version normal on input l
ine 238.
LaTeX Font Info:    No math alphabet change to frozen version normal on input l
ine 238.
LaTeX Font Info:    No math alphabet change to frozen version normal on input l
ine 238.
LaTeX Font Info:    No math alphabet change to frozen version normal on input l
ine 238.
LaTeX Font Info:    No math alphabet change to frozen version normal on input l
ine 238.
LaTeX Font Info:    No math alphabet change to frozen version normal on input l
ine 238.
LaTeX Font Info:    No math alphabet change to frozen version normal on input l
ine 238.
LaTeX Font Info:    No math alphabet change to frozen version normal on input l
ine 238.
LaTeX Font Info:    No math alphabet change to frozen version normal on input l
ine 238.
LaTeX Font Info:    No math alphabet change to frozen version normal on input l
ine 238.
LaTeX Font Info:    No math alphabet change to frozen version normal on input l
ine 238.
LaTeX Font Info:    No math alphabet change to frozen version normal on input l
ine 238.
LaTeX Font Info:    No math alphabet change to frozen version normal on input l
ine 238.
LaTeX Font Info:    No math alphabet change to frozen version normal on input l
ine 238.
LaTeX Font Info:    No math alphabet change to frozen version normal on input l
ine 238.
LaTeX Font Info:    No math alphabet change to frozen version normal on input l
ine 238.
LaTeX Font Info:    No math alphabet change to frozen version normal on input l
ine 238.
LaTeX Font Info:    No math alphabet change to frozen version normal on input l
ine 238.
LaTeX Font Info:    No math alphabet change to frozen version normal on input l
ine 238.
LaTeX Font Info:    No math alphabet change to frozen version normal on input l
ine 238.
LaTeX Font Info:    No math alphabet change to frozen version normal on input l
ine 238.

Underfull \hbox (badness 1540) in paragraph at lines 238--238
[]\T1/LinuxLibertineT-TLF/b/n/9 (+20) Table 9: |LLM back-bone pi-lot, PILOT-lab
elled (Qwen2.5
 []

LaTeX Font Info:    Nested math: keeping math alphabet allocation in version no
rmal on input line 246.
LaTeX Font Info:    Nested math: keeping math alphabet allocation in version no
rmal on input line 247.
LaTeX Font Info:    Nested math: keeping math alphabet allocation in version no
rmal on input line 248.
LaTeX Font Info:    Nested math: keeping math alphabet allocation in version no
rmal on input line 249.
LaTeX Font Info:    Nested math: keeping math alphabet allocation in version no
rmal on input line 249.
LaTeX Font Info:    Nested math: keeping math alphabet allocation in version no
rmal on input line 250.
LaTeX Font Info:    Nested math: keeping math alphabet allocation in version no
rmal on input line 251.
LaTeX Font Info:    Nested math: keeping math alphabet allocation in version no
rmal on input line 264.
LaTeX Font Info:    Nested math: keeping math alphabet allocation in version no
rmal on input line 264.
LaTeX Font Info:    Nested math: keeping math alphabet allocation in version no
rmal on input line 264.
LaTeX Font Info:    Nested math: keeping math alphabet allocation in version no
rmal on input line 264.
LaTeX Font Info:    Nested math: keeping math alphabet allocation in version no
rmal on input line 264.
LaTeX Font Info:    Nested math: keeping math alphabet allocation in version no
rmal on input line 264.
LaTeX Font Info:    Nested math: keeping math alphabet allocation in version no
rmal on input line 264.
LaTeX Font Info:    Nested math: keeping math alphabet allocation in version no
rmal on input line 264.
LaTeX Font Info:    Nested math: keeping math alphabet allocation in version no
rmal on input line 264.
LaTeX Font Info:    Nested math: keeping math alphabet allocation in version no
rmal on input line 264.
LaTeX Font Info:    Nested math: keeping math alphabet allocation in version no
rmal on input line 264.
LaTeX Font Info:    Nested math: keeping math alphabet allocation in version no
rmal on input line 264.
LaTeX Font Info:    Nested math: keeping math alphabet allocation in version no
rmal on input line 264.
LaTeX Font Info:    Nested math: keeping math alphabet allocation in version no
rmal on input line 264.
LaTeX Font Info:    Nested math: keeping math alphabet allocation in version no
rmal on input line 264.
LaTeX Font Info:    Nested math: keeping math alphabet allocation in version no
rmal on input line 264.
LaTeX Font Info:    Nested math: keeping math alphabet allocation in version no
rmal on input line 264.
LaTeX Font Info:    Nested math: keeping math alphabet allocation in version no
rmal on input line 264.
LaTeX Font Info:    Nested math: keeping math alphabet allocation in version no
rmal on input line 264.
LaTeX Font Info:    Nested math: keeping math alphabet allocation in version no
rmal on input line 264.
LaTeX Font Info:    Nested math: keeping math alphabet allocation in version no
rmal on input line 264.
LaTeX Font Info:    No math alphabet change to frozen version normal on input l
ine 265.
LaTeX Font Info:    No math alphabet change to frozen version normal on input l
ine 273.
(tables/pilot_topology.tex
LaTeX Font Info:    No math alphabet change to frozen version normal on input l
ine 20.
LaTeX Font Info:    No math alphabet change to frozen version normal on input l
ine 20.
LaTeX Font Info:    No math alphabet change to frozen version normal on input l
ine 20.
LaTeX Font Info:    No math alphabet change to frozen version normal on input l
ine 20.
LaTeX Font Info:    No math alphabet change to frozen version normal on input l
ine 20.
LaTeX Font Info:    No math alphabet change to frozen version normal on input l
ine 20.
LaTeX Font Info:    No math alphabet change to frozen version normal on input l
ine 20.
LaTeX Font Info:    No math alphabet change to frozen version normal on input l
ine 20.
LaTeX Font Info:    No math alphabet change to frozen version normal on input l
ine 20.
LaTeX Font Info:    No math alphabet change to frozen version normal on input l
ine 20.
LaTeX Font Info:    No math alphabet change to frozen version normal on input l
ine 20.
LaTeX Font Info:    No math alphabet change to frozen version normal on input l
ine 20.
LaTeX Font Info:    No math alphabet change to frozen version normal on input l
ine 20.
LaTeX Font Info:    No math alphabet change to frozen version normal on input l
ine 20.
LaTeX Font Info:    No math alphabet change to frozen version normal on input l
ine 20.
LaTeX Font Info:    No math alphabet change to frozen version normal on input l
ine 20.
LaTeX Font Info:    No math alphabet change to frozen version normal on input l
ine 20.
LaTeX Font Info:    No math alphabet change to frozen version normal on input l
ine 20.
LaTeX Font Info:    Nested math: keeping math alphabet allocation in version no
rmal on input line 26.
LaTeX Font Info:    Nested math: keeping math alphabet allocation in version no
rmal on input line 31.
LaTeX Font Info:    Nested math: keeping math alphabet allocation in version no
rmal on input line 32.
LaTeX Font Info:    Nested math: keeping math alphabet allocation in version no
rmal on input line 33.
LaTeX Font Info:    Nested math: keeping math alphabet allocation in version no
rmal on input line 34.
LaTeX Font Info:    Nested math: keeping math alphabet allocation in version no
rmal on input line 34.
LaTeX Font Info:    Nested math: keeping math alphabet allocation in version no
rmal on input line 35.
LaTeX Font Info:    Nested math: keeping math alphabet allocation in version no
rmal on input line 37.
LaTeX Font Info:    Nested math: keeping math alphabet allocation in version no
rmal on input line 40.
LaTeX Font Info:    No math alphabet change to frozen version normal on input l
ine 42.
)
LaTeX Font Info:    No math alphabet change to frozen version normal on input l
ine 278.
LaTeX Font Info:    No math alphabet change to frozen version normal on input l
ine 279.
LaTeX Font Info:    No math alphabet change to frozen version normal on input l
ine 285.
LaTeX Font Info:    No math alphabet change to frozen version normal on input l
ine 287.
LaTeX Font Info:    Nested math: keeping math alphabet allocation in version no
rmal on input line 294.
LaTeX Font Info:    Nested math: keeping math alphabet allocation in version no
rmal on input line 294.
LaTeX Font Info:    Nested math: keeping math alphabet allocation in version no
rmal on input line 294.
LaTeX Font Info:    Nested math: keeping math alphabet allocation in version no
rmal on input line 294.
LaTeX Font Info:    Nested math: keeping math alphabet allocation in version no
rmal on input line 294.
LaTeX Font Info:    Nested math: keeping math alphabet allocation in version no
rmal on input line 294.
LaTeX Font Info:    Nested math: keeping math alphabet allocation in version no
rmal on input line 294.
LaTeX Font Info:    Nested math: keeping math alphabet allocation in version no
rmal on input line 294.
LaTeX Font Info:    Nested math: keeping math alphabet allocation in version no
rmal on input line 294.
LaTeX Font Info:    Nested math: keeping math alphabet allocation in version no
rmal on input line 294.
LaTeX Font Info:    Nested math: keeping math alphabet allocation in version no
rmal on input line 294.
LaTeX Font Info:    Nested math: keeping math alphabet allocation in version no
rmal on input line 294.
LaTeX Font Info:    Nested math: keeping math alphabet allocation in version no
rmal on input line 294.
LaTeX Font Info:    Nested math: keeping math alphabet allocation in version no
rmal on input line 294.
LaTeX Font Info:    Nested math: keeping math alphabet allocation in version no
rmal on input line 294.
LaTeX Font Info:    Nested math: keeping math alphabet allocation in version no
rmal on input line 294.
LaTeX Font Info:    Nested math: keeping math alphabet allocation in version no
rmal on input line 294.
LaTeX Font Info:    Nested math: keeping math alphabet allocation in version no
rmal on input line 294.
LaTeX Font Info:    Nested math: keeping math alphabet allocation in version no
rmal on input line 294.
LaTeX Font Info:    Nested math: keeping math alphabet allocation in version no
rmal on input line 294.
LaTeX Font Info:    Nested math: keeping math alphabet allocation in version no
rmal on input line 294.
LaTeX Font Info:    Nested math: keeping math alphabet allocation in version no
rmal on input line 294.
LaTeX Font Info:    Nested math: keeping math alphabet allocation in version no
rmal on input line 294.
LaTeX Font Info:    Nested math: keeping math alphabet allocation in version no
rmal on input line 294.
LaTeX Font Info:    Nested math: keeping math alphabet allocation in version no
rmal on input line 294.
LaTeX Font Info:    Nested math: keeping math alphabet allocation in version no
rmal on input line 294.
LaTeX Font Info:    Nested math: keeping math alphabet allocation in version no
rmal on input line 294.
LaTeX Font Info:    Nested math: keeping math alphabet allocation in version no
rmal on input line 294.
LaTeX Font Info:    Nested math: keeping math alphabet allocation in version no
rmal on input line 294.
LaTeX Font Info:    Nested math: keeping math alphabet allocation in version no
rmal on input line 294.
LaTeX Font Info:    Nested math: keeping math alphabet allocation in version no
rmal on input line 294.
LaTeX Font Info:    Nested math: keeping math alphabet allocation in version no
rmal on input line 294.
LaTeX Font Info:    Nested math: keeping math alphabet allocation in version no
rmal on input line 294.
LaTeX Font Info:    No math alphabet change to frozen version normal on input l
ine 294.
LaTeX Font Info:    No math alphabet change to frozen version normal on input l
ine 295.
LaTeX Font Info:    No math alphabet change to frozen version normal on input l
ine 297.
LaTeX Font Info:    No math alphabet change to frozen version normal on input l
ine 301.
 [6.6]
LaTeX Font Info:    Undo math alphabet allocation in version normal on input li
ne 310.
LaTeX Font Info:    No math alphabet change to frozen version normal on input l
ine 310.
LaTeX Font Info:    No math alphabet change to frozen version normal on input l
ine 310.
LaTeX Font Info:    No math alphabet change to frozen version normal on input l
ine 310.
LaTeX Font Info:    No math alphabet change to frozen version normal on input l
ine 317.
LaTeX Font Info:    No math alphabet change to frozen version normal on input l
ine 318.
LaTeX Font Info:    No math alphabet change to frozen version normal on input l
ine 319.
LaTeX Font Info:    No math alphabet change to frozen version normal on input l
ine 319.
LaTeX Font Info:    No math alphabet change to frozen version normal on input l
ine 319.
LaTeX Font Info:    No math alphabet change to frozen version normal on input l
ine 320.
LaTeX Font Info:    No math alphabet change to frozen version normal on input l
ine 320.
LaTeX Font Info:    No math alphabet change to frozen version normal on input l
ine 321.
LaTeX Font Info:    No math alphabet change to frozen version normal on input l
ine 321.
LaTeX Font Info:    No math alphabet change to frozen version normal on input l
ine 321.
LaTeX Font Info:    No math alphabet change to frozen version normal on input l
ine 321.
LaTeX Font Info:    No math alphabet change to frozen version normal on input l
ine 321.
LaTeX Font Info:    No math alphabet change to frozen version normal on input l
ine 321.
LaTeX Font Info:    No math alphabet change to frozen version normal on input l
ine 324.
LaTeX Font Info:    No math alphabet change to frozen version normal on input l
ine 325.
LaTeX Font Info:    No math alphabet change to frozen version normal on input l
ine 332.
LaTeX Font Info:    No math alphabet change to frozen version normal on input l
ine 332.
LaTeX Font Info:    No math alphabet change to frozen version normal on input l
ine 332.


Package hyperref Warning: Token not allowed in a PDF string (Unicode):
(hyperref)                removing `\new@ifnextchar' on input line 337.

LaTeX Font Info:    No math alphabet change to frozen version normal on input l
ine 345.
LaTeX Font Info:    No math alphabet change to frozen version normal on input l
ine 352.
LaTeX Font Info:    No math alphabet change to frozen version normal on input l
ine 352.
LaTeX Font Info:    No math alphabet change to frozen version normal on input l
ine 353.
LaTeX Font Info:    No math alphabet change to frozen version normal on input l
ine 355.
LaTeX Font Info:    No math alphabet change to frozen version normal on input l
ine 355.
LaTeX Font Info:    No math alphabet change to frozen version normal on input l
ine 356.
LaTeX Font Info:    No math alphabet change to frozen version normal on input l
ine 356.
)
Overfull \hbox (1.73596pt too wide) in paragraph at lines 351--34
[]\T1/LinuxLibertineT-TLF/m/n/9 (-20) Two con-se-quences for read-ing the study
. First, the cross-backbone
 []

(main_supplement.bbl
LaTeX Font Info:    No math alphabet change to frozen version normal on input l
ine 53.
LaTeX Font Info:    No math alphabet change to frozen version normal on input l
ine 66.
LaTeX Font Info:    No math alphabet change to frozen version normal on input l
ine 94.
)

Package natbib Warning: There were multiply defined citations.


Class aamas Warning: CCS concepts are mandatory for papers over two pages.


Package balance Warning: You have called \balance in second column
(balance)                Columns might not be balanced.


(C:\Users\Lenovo\AppData\Local\Programs\MiKTeX\tex/generic/stringenc\se-pdfdoc.
def
File: se-pdfdoc.def 2019/11/29 v1.12 stringenc: PDFDocEncoding
)
(C:\Users\Lenovo\AppData\Local\Programs\MiKTeX\tex/generic/stringenc\se-utf8.de
f
File: se-utf8.def 2019/11/29 v1.12 stringenc: UTF-8
) [7.7] (main_supplement.aux)
 ***********
LaTeX2e <2025-11-01>
L3 programming layer <2025-12-24>
 ***********


LaTeX Warning: There were multiply-defined labels.

Package rerunfilecheck Info: File `main_supplement.out' has not changed.
(rerunfilecheck)             Checksum: C40F002BAFC2727F589EFFBC76A928B6;5871.
 )
(\end occurred when \ifx on line 12 was incomplete) 
Here is how much of TeX's memory you used:
 47843 strings out of 467871
 1069710 string characters out of 5417892
 1630660 words of memory out of 5000000
 74757 multiletter control sequences out of 15000+600000
 923076 words of font info for 714 fonts, out of 8000000 for 9000
 1302 hyphenation exceptions out of 8191
 95i,14n,134p,1102b,997s stack positions out of 10000i,1000n,20000p,200000b,200000s
<C:/Users/Lenovo/AppData/Loc
al/Programs/MiKTeX/fonts/type1/public/inconsolata/Inconsolata-zi4b.pfb><C:/User
s/Lenovo/AppData/Local/Programs/MiKTeX/fonts/type1/public/inconsolata/Inconsola
ta-zi4r.pfb><C:/Users/Lenovo/AppData/Local/Programs/MiKTeX/fonts/type1/public/n
ewtx/LibertineMathMI.pfb><C:/Users/Lenovo/AppData/Local/Programs/MiKTeX/fonts/t
ype1/public/newtx/LibertineMathMI5.pfb><C:/Users/Lenovo/AppData/Local/Programs/
MiKTeX/fonts/type1/public/newtx/LibertineMathMI7.pfb><C:/Users/Lenovo/AppData/L
ocal/Programs/MiKTeX/fonts/type1/public/newtx/LibertineMathRM.pfb><C:/Users/Len
ovo/AppData/Local/Programs/MiKTeX/fonts/type1/public/libertine/LinBiolinumT.pfb
><C:/Users/Lenovo/AppData/Local/Programs/MiKTeX/fonts/type1/public/libertine/Li
nBiolinumTB.pfb><C:/Users/Lenovo/AppData/Local/Programs/MiKTeX/fonts/type1/publ
ic/libertine/LinLibertineT.pfb><C:/Users/Lenovo/AppData/Local/Programs/MiKTeX/f
onts/type1/public/libertine/LinLibertineTB.pfb><C:/Users/Lenovo/AppData/Local/P
rograms/MiKTeX/fonts/type1/public/libertine/LinLibertineTBI.pfb><C:/Users/Lenov
o/AppData/Local/Programs/MiKTeX/fonts/type1/public/libertine/LinLibertineTI.pfb
><C:/Users/Lenovo/AppData/Local/Programs/MiKTeX/fonts/type1/public/newtx/NewTXM
I.pfb><C:/Users/Lenovo/AppData/Local/Programs/MiKTeX/fonts/type1/public/newtx/t
xexs.pfb><C:/Users/Lenovo/AppData/Local/Programs/MiKTeX/fonts/type1/public/newt
x/txmiaX.pfb><C:/Users/Lenovo/AppData/Local/Programs/MiKTeX/fonts/type1/public/
newtx/txsym.pfb><C:/Users/Lenovo/AppData/Local/Programs/MiKTeX/fonts/type1/publ
ic/newtx/txsys.pfb>
Output written on main_supplement.pdf (7 pages, 672646 bytes).
PDF statistics:
 436 PDF objects out of 1000 (max. 8388607)
 57 named destinations out of 1000 (max. 500000)
 165714 words of extra memory for PDF output out of 184870 (max. 10000000)

